"year","team","wins","losses","win_loss_perc","points_scored","points_allowed","points_diff","margin_of_victory","games_played","total_yards","plays_offense","yds_per_play_offense","turnovers","fumbles","first_down","pass_completion","pass_att","pass_yds","pass_td","pass_int","pass_net_yds_per_att","pass_first_down","rush_att","rush_yds","rush_td","rush_yds_per_att","rush_fd","penalties","penalties_yds","pen_fd","score_pct","turnover_pct","expected_points_offense","conference","division","playoff","superbowl","expected_wins","win_difference"
2003,"New England Patriots",14,2,0.875,348,238,110,6.9,16,5039,1042,4.8,24,11,294,320,537,3432,23,13,6,177,473,1607,9,3.4,91,111,998,26,27.9,11.3,-136.51,"AFC","East","Yes","Yes",11.0850634540904,2.91493654590959
2003,"Miami Dolphins",10,6,0.625,311,261,50,3.1,16,4609,968,4.8,34,15,266,257,450,2792,17,19,5.8,145,487,1817,14,3.7,99,103,913,22,28.1,17.2,-177.92,"AFC","East","No","No",9.4092187203935,0.590781279606505
2003,"Buffalo Bills",6,10,0.375,243,279,-36,-2.3,16,4348,980,4.4,34,17,268,293,502,2684,11,17,4.9,150,427,1664,13,3.9,96,106,891,22,21.9,17.6,-230.07,"AFC","East","No","No",6.99994301111294,-0.99994301111294
2003,"New York Jets",6,10,0.375,283,299,-16,-1,16,4951,936,5.3,20,6,274,312,496,3316,20,14,6.3,181,409,1635,8,4,78,69,550,15,32.4,11.8,-107.89,"AFC","East","No","No",7.57192589676567,-1.57192589676567
2003,"Baltimore Ravens",10,6,0.625,391,281,110,6.9,16,4929,1009,4.9,38,19,259,217,415,2255,16,19,4.9,121,552,2674,18,4.8,115,126,970,23,31.8,16.6,-220.5,"AFC","North","Yes","No",11.1058401854185,-1.10584018541853
2003,"Cincinnati Bengals",8,8,0.5,346,384,-38,-2.4,16,5329,1038,5.1,22,7,313,324,520,3342,26,15,6,181,481,1987,12,4.1,101,107,846,31,33.3,11.1,-78.22,"AFC","North","No","No",6.99444496096882,1.00555503903118
2003,"Pittsburgh Steelers",6,10,0.375,300,327,-27,-1.7,16,4792,1020,4.7,28,11,275,306,532,3304,19,17,5.8,174,446,1488,10,3.3,77,111,1005,24,27.1,13.5,-166.93,"AFC","North","No","No",7.27617932179148,-1.27617932179148
2003,"Cleveland Browns",5,11,0.313,254,322,-68,-4.3,16,4504,961,4.7,33,15,276,313,509,2834,17,18,5.2,153,412,1670,8,4.1,91,98,767,32,26.7,17.2,-191.88,"AFC","North","No","No",6.12100887894322,-1.12100887894322
2003,"Indianapolis Colts",12,4,0.75,447,336,111,6.9,16,5874,1041,5.6,20,10,348,381,569,4179,29,10,7.1,212,453,1695,16,3.7,104,92,662,32,46.3,10.2,-13.96,"AFC","South","Yes","No",11.1605310388109,0.839468961189091
2003,"Tennessee Titans",12,4,0.75,435,324,111,6.9,16,5501,1013,5.4,21,12,310,315,502,3878,30,9,7.4,211,486,1623,11,3.3,84,110,887,15,39.4,9.6,-103.79,"AFC","South","Yes","No",11.154732881231,0.845267118769033
2003,"Jacksonville Jaguars",5,11,0.313,276,331,-55,-3.4,16,5358,1024,5.2,31,14,305,303,515,3285,17,17,6,163,481,2073,13,4.3,118,108,895,24,27.3,15.8,-132.3,"AFC","South","No","No",6.49086503542417,-1.49086503542417
2003,"Houston Texans",5,11,0.313,255,380,-125,-7.8,16,4306,896,4.8,27,9,237,248,439,2655,14,18,5.6,127,421,1651,14,3.9,86,121,961,24,24.5,13.8,-200.45,"AFC","South","No","No",4.54642333164073,0.453576668359272
2003,"Kansas City Chiefs",13,3,0.813,484,332,152,9.5,16,5910,1003,5.9,18,6,348,339,536,3981,24,12,7.1,201,446,1929,32,4.3,120,79,698,27,38.3,8.5,36.78,"AFC","West","Yes","No",12.3113528634742,0.688647136525788
2003,"Denver Broncos",10,6,0.625,381,301,80,5,16,5598,1047,5.3,24,6,334,280,479,2969,19,18,5.9,162,543,2629,20,4.8,133,107,922,39,36.6,12,-127.67,"AFC","West","Yes","No",10.2720248468559,-0.272024846855867
2003,"Las Vegas Raiders",4,12,0.25,270,379,-109,-6.8,16,4573,987,4.6,26,12,258,278,521,2751,9,14,4.9,140,423,1822,15,4.3,98,134,1120,20,24.3,12.2,-190.11,"AFC","West","No","No",4.99579558359132,-0.995795583591325
2003,"Los Angeles Chargers",4,12,0.25,313,441,-128,-8,16,5167,971,5.3,31,12,290,297,525,3021,21,19,5.5,146,417,2146,16,5.1,117,126,1016,27,27.2,15.7,-126.67,"AFC","West","No","No",4.49154940588584,-0.491549405885843
2003,"Philadelphia Eagles",12,4,0.75,374,287,87,5.4,16,5035,944,5.3,22,11,302,279,484,3020,17,11,5.7,156,417,2015,23,4.8,105,96,817,41,34.2,10.2,-80.82,"NFC","East","Yes","No",10.4620720810694,1.53792791893058
2003,"Dallas Cowboys",10,6,0.625,289,260,29,1.8,16,5161,1062,4.9,29,8,286,294,510,3162,17,21,5.8,149,515,1999,11,3.9,115,98,837,22,25.1,13.8,-251.47,"NFC","East","Yes","No",8.8183002864247,1.1816997135753
2003,"Washington Commanders",5,11,0.313,287,372,-85,-5.3,16,4659,991,4.7,28,12,272,283,527,3006,21,16,5.3,156,421,1653,8,3.9,95,124,1038,21,28.3,13.6,-182.25,"NFC","East","No","No",5.66719647262641,-0.667196472626411
2003,"New York Giants",4,12,0.25,243,387,-144,-9,16,4942,1047,4.7,38,18,300,344,616,3383,16,20,5.1,184,387,1559,6,4,90,127,1090,26,21.4,18.4,-225.77,"NFC","East","No","No",4.01560226502718,-0.0156022650271801
2003,"Green Bay Packers",10,6,0.625,442,307,135,8.4,16,5798,999,5.8,32,11,315,310,473,3240,32,21,6.6,166,507,2558,18,5,127,88,699,22,38,15.6,-49.49,"NFC","North","Yes","No",11.8213019722828,-1.82130197228277
2003,"Minnesota Vikings",9,7,0.563,416,353,63,3.9,16,6294,1055,6,24,11,336,333,520,3951,32,13,7,194,493,2343,15,4.8,124,127,1029,18,35.5,13.1,8.32,"NFC","North","No","No",9.81917880013572,-0.81917880013572
2003,"Chicago Bears",7,9,0.438,283,346,-63,-3.9,16,4380,1001,4.4,29,9,264,271,515,2617,12,20,4.7,143,443,1763,13,4,104,92,806,17,27.4,14.5,-215.02,"NFC","North","No","No",6.27318501652464,0.726814983475359
2003,"Detroit Lions",5,11,0.313,270,379,-109,-6.8,16,4262,975,4.4,28,4,250,319,588,2924,17,24,4.9,152,376,1338,5,3.6,69,107,859,29,23.2,13.7,-212.29,"NFC","North","No","No",4.99579558359132,0.00420441640867519
2003,"Carolina Panthers",11,5,0.688,325,304,21,1.3,16,5141,1008,5.1,31,15,284,270,460,3050,19,16,6.3,146,522,2091,9,4,114,116,966,24,30.8,14.9,-149.93,"NFC","South","Yes","No",8.6146324816767,2.3853675183233
2003,"New Orleans Saints",8,8,0.5,340,326,14,0.9,16,5438,1019,5.3,28,20,302,314,535,3438,25,8,6,177,448,2000,11,4.5,100,103,878,25,31.2,14.5,-109.71,"NFC","South","No","No",8.42845068584977,-0.42845068584977
2003,"Tampa Bay Buccaneers",7,9,0.438,301,264,37,2.3,16,5453,1036,5.3,31,9,307,369,592,3805,27,22,6.2,190,421,1648,5,3.9,86,117,1104,31,25.5,16,-214.9,"NFC","South","No","No",9.04516072149248,-2.04516072149248
2003,"Atlanta Falcons",5,11,0.313,299,422,-123,-7.7,16,4357,930,4.7,31,10,252,230,460,2408,14,21,4.9,127,435,1949,17,4.5,99,90,790,26,24.9,12.9,-190.61,"NFC","South","No","No",4.62294881213914,0.377051187860859
2003,"Los Angeles Rams",12,4,0.75,447,328,119,7.4,16,5457,1054,5.2,39,16,335,377,600,3961,23,23,6.2,211,411,1496,19,3.6,97,92,667,27,41.1,16.8,-159,"NFC","West","Yes","No",11.3815933162987,0.618406683701258
2003,"Seattle Seahawks",10,6,0.625,404,327,77,4.8,16,5627,1017,5.5,29,13,338,317,521,3618,27,16,6.4,190,453,2009,17,4.4,121,91,777,27,36.2,13.5,-37.4,"NFC","West","Yes","No",10.2002396281595,-0.200239628159487
2003,"San Francisco 49ers",7,9,0.438,384,337,47,2.9,16,5687,1038,5.5,25,10,313,299,511,3408,25,15,6.3,172,499,2279,16,4.6,118,104,807,23,35.1,12.4,-56.95,"NFC","West","No","No",9.36159249161354,-2.36159249161354
2003,"Arizona Cardinals",4,12,0.25,225,452,-227,-14.2,16,4490,981,4.6,36,14,256,303,534,2959,18,22,5.1,147,403,1531,5,3.8,80,98,761,29,22.2,18.4,-250.75,"NFC","West","No","No",1.71338389972099,2.28661610027901
2004,"New England Patriots",14,2,0.875,437,260,177,11.1,16,5722,1035,5.5,27,13,344,293,485,3588,29,14,7,193,524,2134,15,4.1,120,101,822,31,42.1,14.6,22.2,"AFC","East","Yes","Yes",12.9794630301023,1.02053696989775
2004,"New York Jets",10,6,0.625,333,261,72,4.5,16,5438,996,5.5,16,5,313,282,438,3050,19,11,6.5,163,527,2388,15,4.5,135,91,693,15,33.3,8.6,-51.69,"AFC","East","Yes","No",10.0277699390483,-0.0277699390482642
2004,"Buffalo Bills",9,7,0.563,395,284,111,6.9,16,4691,982,4.8,29,12,271,262,461,2817,21,17,5.6,149,483,1874,15,3.9,102,121,1047,20,32.1,14.4,-194.58,"AFC","East","No","No",11.1354056892978,-2.13540568929783
2004,"Miami Dolphins",4,12,0.25,275,354,-79,-4.9,16,4404,1022,4.3,42,16,267,309,586,3065,19,26,4.8,165,384,1339,10,3.5,71,112,852,31,22.9,18.6,-258.56,"AFC","East","No","No",5.82719502316234,-1.82719502316234
2004,"Pittsburgh Steelers",15,1,0.938,372,251,121,7.6,16,5184,1012,5.1,21,8,309,228,358,2720,20,13,6.9,147,618,2464,16,4,134,99,835,28,35.8,11.7,-95.61,"AFC","North","Yes","No",11.4006204007961,3.59937959920394
2004,"Baltimore Ravens",9,7,0.563,317,268,49,3.1,16,4375,991,4.4,23,12,260,258,465,2312,13,11,4.6,135,491,2063,11,4.2,103,94,894,22,27.6,10.9,-199.99,"AFC","North","No","No",9.38448501449749,-0.384485014497487
2004,"Cincinnati Bengals",8,8,0.5,374,372,2,0.1,16,5140,1004,5.1,32,10,286,324,536,3301,23,22,5.8,172,437,1839,14,4.2,93,103,810,21,31.7,15.8,-143.68,"AFC","North","No","No",8.11328538276119,-0.113285382761187
2004,"Cleveland Browns",4,12,0.25,276,390,-114,-7.1,16,4481,921,4.9,40,19,245,251,439,2824,21,21,5.9,125,441,1657,6,3.8,94,115,854,26,25.8,18.2,-244.59,"AFC","North","No","No",4.8605307389514,-0.860530738951398
2004,"Indianapolis Colts",12,4,0.75,522,351,171,10.7,16,6475,968,6.7,17,7,379,353,527,4623,51,10,8.5,238,427,1852,10,4.3,94,106,801,47,46.3,9.7,113.82,"AFC","South","Yes","No",12.8547366048443,-0.854736604844302
2004,"Jacksonville Jaguars",9,7,0.563,261,280,-19,-1.2,16,5009,991,5.1,22,11,279,305,513,3159,17,11,5.8,161,446,1850,9,4.1,88,109,940,30,28.1,11.8,-135.64,"AFC","South","No","No",7.4783975871445,1.5216024128555
2004,"Houston Texans",7,9,0.438,309,339,-30,-1.9,16,5128,1001,5.1,25,11,300,286,471,3246,16,14,6.2,174,481,1882,16,3.9,103,106,928,23,27.7,13.6,-97.09,"AFC","South","No","No",7.1976295859185,-0.197629585918499
2004,"Tennessee Titans",5,11,0.313,344,439,-95,-5.9,16,5487,1053,5.2,31,12,308,356,589,3616,27,19,5.7,200,420,1871,12,4.5,85,110,923,23,29,15,-108.2,"AFC","South","No","No",5.41840987427134,-0.418409874271343
2004,"Los Angeles Chargers",12,4,0.75,446,313,133,8.3,16,5542,996,5.6,18,10,328,288,450,3357,29,8,7.1,160,525,2185,24,4.2,131,108,875,37,40.8,8.9,-7.11,"AFC","West","Yes","No",11.7679691221041,0.232030877895877
2004,"Denver Broncos",10,6,0.625,381,304,77,4.8,16,6332,1070,5.9,29,9,351,303,521,3999,27,20,7.5,184,534,2333,13,4.4,127,93,880,40,36.1,14.7,-58.67,"AFC","West","Yes","No",10.1891264927979,-0.18912649279793
2004,"Kansas City Chiefs",7,9,0.438,483,435,48,3,16,6695,1089,6.1,27,10,398,370,561,4406,27,17,7.4,228,496,2289,31,4.6,138,117,963,32,41.2,14.3,66.99,"AFC","West","No","No",9.43706007633404,-2.43706007633404
2004,"Las Vegas Raiders",5,11,0.313,320,442,-122,-7.6,16,5153,939,5.5,35,13,275,330,582,3858,24,22,6.3,176,327,1295,10,4,75,134,1013,24,32.1,17.4,-132.26,"AFC","West","No","No",4.66072837259002,0.339271627409982
2004,"Philadelphia Eagles",13,3,0.813,386,260,126,7.9,16,5618,960,5.9,22,11,301,336,547,3979,32,11,6.8,188,376,1639,10,4.4,87,124,952,26,35.9,10.9,-11.51,"NFC","East","Yes","No",11.5455488414026,1.45445115859744
2004,"New York Giants",6,10,0.375,303,347,-44,-2.8,16,4722,951,5,24,11,281,269,475,2818,12,13,5.3,143,424,1904,18,4.5,105,118,977,33,28.6,12.1,-211.66,"NFC","East","No","No",6.80787152152482,-0.807871521524818
2004,"Dallas Cowboys",6,10,0.375,293,405,-112,-7,16,5197,1004,5.2,37,14,296,308,519,3428,19,23,6.2,171,449,1769,14,3.9,101,105,867,24,28.3,19.3,-152.34,"NFC","East","No","No",4.92401036489494,1.07598963510506
2004,"Washington Commanders",6,10,0.375,240,265,-25,-1.6,16,4397,1023,4.3,27,10,269,288,514,2632,18,17,4.8,156,471,1765,6,3.7,91,115,1047,22,21.7,13.1,-213.72,"NFC","East","No","No",7.30245410326373,-1.30245410326373
2004,"Green Bay Packers",10,6,0.625,424,380,44,2.8,16,6357,1053,6,29,10,354,382,598,4449,36,19,7.3,228,441,1908,9,4.3,98,116,950,28,37.9,15.4,10.72,"NFC","North","Yes","No",9.29802132948874,0.701978670511259
2004,"Minnesota Vikings",8,8,0.5,405,395,10,0.6,16,6339,985,6.4,21,9,351,380,552,4516,39,12,7.6,225,387,1823,8,4.7,98,117,884,28,38.9,12,65.96,"NFC","North","Yes","No",8.3493262339972,-0.349326233997205
2004,"Detroit Lions",6,10,0.375,296,350,-54,-3.4,16,4693,949,4.9,20,7,263,285,505,2916,19,13,5.4,142,407,1777,7,4.4,92,121,1000,29,26.6,10.1,-132.39,"NFC","North","No","No",6.52816141607672,-0.528161416076722
2004,"Chicago Bears",5,11,0.313,231,331,-100,-6.3,16,3816,967,3.9,37,21,230,249,471,2192,9,16,4.1,121,430,1624,10,3.8,84,124,956,25,16.4,16.4,-332.82,"NFC","North","No","No",5.22564663363033,-0.225646633630325
2004,"Atlanta Falcons",11,5,0.688,340,337,3,0.2,16,5084,969,5.2,30,14,284,217,395,2412,15,16,5.4,120,524,2672,20,5.1,133,109,905,31,28.8,15.8,-108.92,"NFC","South","Yes","No",8.124490054304,2.875509945696
2004,"New Orleans Saints",8,8,0.5,348,405,-57,-3.6,16,5193,989,5.3,26,10,291,309,542,3587,21,16,6.2,177,406,1606,15,4,82,129,1141,32,30.1,13,-174.82,"NFC","South","No","No",6.47038841153187,1.52961158846813
2004,"Carolina Panthers",7,9,0.438,355,339,16,1,16,5225,991,5.3,26,11,308,311,536,3643,29,15,6.4,192,422,1582,10,3.7,85,123,1020,31,32.4,12.6,-80.29,"NFC","South","No","No",8.49096395219665,-1.49096395219665
2004,"Tampa Bay Buccaneers",5,11,0.313,301,304,-3,-0.2,16,4963,949,5.2,36,18,271,340,512,3474,24,18,6.2,175,393,1489,9,3.8,74,117,916,22,24.7,18.6,-201.99,"NFC","South","No","No",7.93984933405331,-2.93984933405331
2004,"Seattle Seahawks",9,7,0.563,371,373,-2,-0.1,16,5634,1034,5.4,27,9,320,304,532,3539,23,18,6.3,189,468,2095,17,4.5,110,79,669,21,32.6,14,-65.26,"NFC","West","Yes","No",8.00130470462229,0.998695295377715
2004,"Los Angeles Rams",8,8,0.5,319,392,-73,-4.6,16,5877,1011,5.8,39,17,321,372,580,4253,23,22,6.8,203,381,1624,11,4.3,96,127,993,22,30.3,20.6,-93.92,"NFC","West","Yes","No",6.01425164240467,1.98574835759533
2004,"Arizona Cardinals",6,10,0.375,284,322,-38,-2.4,16,4550,1047,4.3,29,11,280,299,533,2882,14,18,5,152,475,1668,15,3.5,86,124,948,42,25.5,13.5,-202.74,"NFC","West","No","No",6.96448781347245,-0.96448781347245
2004,"San Francisco 49ers",2,14,0.125,259,452,-193,-12.1,16,4585,1026,4.5,40,19,280,325,561,3136,16,21,5.1,172,413,1449,10,3.5,83,103,859,25,22,20,-234.6,"NFC","West","No","No",2.66932669218745,-0.669326692187452
2005,"New England Patriots",10,6,0.625,379,338,41,2.6,16,5632,1031,5.5,24,9,334,352,564,4120,28,15,7,204,439,1512,16,3.4,101,110,921,29,34.8,13,-89.97,"AFC","East","Yes","Yes",9.19337988450602,0.806620115493979
2005,"Miami Dolphins",9,7,0.563,318,317,1,0.1,16,5198,1026,5.1,30,14,274,291,556,3300,22,16,5.7,159,444,1898,11,4.3,93,132,1055,22,28.7,14.4,-163.29,"AFC","East","No","No",8.05859452936881,0.941405470631189
2005,"Buffalo Bills",5,11,0.313,271,367,-96,-6,16,4122,930,4.4,26,10,259,269,459,2515,18,16,5,129,428,1607,6,3.8,96,120,897,34,29.9,14.1,-230.91,"AFC","East","No","No",5.35550496430738,-0.355504964307383
2005,"New York Jets",4,12,0.25,240,355,-115,-7.2,16,3970,907,4.4,34,19,251,268,470,2642,11,15,5.1,146,384,1328,10,3.5,74,98,801,31,25.6,16.7,-185.24,"AFC","East","No","No",4.81550348152559,-0.815503481525593
2005,"Cincinnati Bengals",11,5,0.688,421,350,71,4.4,16,5730,1018,5.6,20,6,342,362,538,3820,32,14,6.8,203,459,1910,15,4.2,109,110,920,30,41.9,11.2,-62.24,"AFC","North","Yes","No",10.0426569766152,0.957343023384803
2005,"Pittsburgh Steelers",11,5,0.688,389,258,131,8.2,16,5149,960,5.4,23,9,297,228,379,2926,21,14,7.1,144,549,2223,21,4,120,99,876,33,36.1,10.9,-59.51,"AFC","North","Yes","No",11.6851623042274,-0.685162304227442
2005,"Baltimore Ravens",6,10,0.375,265,299,-34,-2.1,16,4693,1056,4.4,36,15,286,335,562,3088,17,21,5.1,163,452,1605,5,3.6,97,139,1067,26,27.2,18.3,-237.85,"AFC","North","No","No",7.06583853604813,-1.06583853604813
2005,"Cleveland Browns",6,10,0.375,232,301,-69,-4.3,16,4550,938,4.9,30,13,241,297,497,3047,15,17,5.6,149,395,1503,4,3.8,76,99,770,16,25.8,16.9,-234.39,"AFC","North","No","No",6.08274613869401,-0.0827461386940103
2005,"Indianapolis Colts",14,2,0.875,439,247,192,12,16,5799,1000,5.8,19,8,363,347,515,4096,31,11,7.7,217,465,1703,18,3.7,116,94,690,30,43.6,9.1,77.86,"AFC","South","Yes","No",13.3949211599886,0.605078840011398
2005,"Jacksonville Jaguars",12,4,0.75,361,269,92,5.8,16,5149,1021,5,17,11,301,283,487,3190,21,6,6.1,170,502,1959,18,3.9,97,121,1006,34,32.1,8.3,-117.95,"AFC","South","Yes","No",10.593954667121,1.40604533287895
2005,"Tennessee Titans",4,12,0.25,299,421,-122,-7.6,16,5122,1022,5,26,12,279,358,594,3597,20,14,5.8,191,397,1525,8,3.8,72,125,1002,16,26.4,13.5,-242.78,"AFC","South","No","No",4.65058159682512,-0.650581596825121
2005,"Houston Texans",2,14,0.125,260,431,-171,-10.7,16,4053,954,4.2,24,11,243,270,449,2237,15,13,4.3,142,437,1816,9,4.2,89,106,854,12,28.9,12.7,-206.24,"AFC","South","No","No",3.27773113507732,-1.27773113507732
2005,"Denver Broncos",13,3,0.813,395,258,137,8.6,16,5766,1030,5.6,16,9,330,279,465,3227,18,7,6.6,162,542,2539,25,4.7,145,97,756,23,36,8.1,-52.48,"AFC","West","Yes","No",11.8538580911333,1.14614190886671
2005,"Kansas City Chiefs",10,6,0.625,403,325,78,4.9,16,6192,1059,5.8,23,13,347,317,507,3810,17,10,7.1,182,520,2382,26,4.6,138,115,890,27,38.3,11.5,-15,"AFC","West","No","No",10.2273892330471,-0.227389233047138
2005,"Los Angeles Chargers",9,7,0.563,418,312,106,6.6,16,5567,1022,5.4,28,12,337,338,526,3495,27,16,6.3,191,465,2072,22,4.5,116,110,890,30,39.3,13.5,-38.32,"AFC","West","No","No",11.0083549012295,-2.00835490122948
2005,"Las Vegas Raiders",4,12,0.25,290,383,-93,-5.8,16,4951,997,5,23,9,294,316,591,3582,21,14,5.6,189,361,1369,11,3.8,80,147,1132,25,28.4,11.5,-147.25,"AFC","West","No","No",5.44758373453356,-1.44758373453356
2005,"New York Giants",11,5,0.688,422,314,108,6.8,16,5787,1055,5.5,25,8,312,294,558,3578,24,17,6.1,172,469,2209,17,4.7,106,143,1115,34,37.8,11.4,-92.84,"NFC","East","Yes","No",11.0655531897948,-0.0655531897947572
2005,"Washington Commanders",10,6,0.625,359,293,66,4.1,16,5289,1037,5.1,27,16,301,278,481,3106,25,11,6.1,166,525,2183,15,4.2,114,108,925,21,29.7,13,-118.86,"NFC","East","Yes","No",9.87453590568893,0.125464094311067
2005,"Dallas Cowboys",9,7,0.563,325,308,17,1.1,16,5202,1071,4.9,31,14,318,300,500,3341,23,17,6.1,177,521,1861,13,3.6,97,99,739,44,28.9,15.5,-158.41,"NFC","East","No","No",8.50410134293278,0.495898657067222
2005,"Philadelphia Eagles",6,10,0.375,310,388,-78,-4.9,16,5109,1027,5,34,14,282,337,620,3677,21,20,5.6,182,365,1432,11,3.9,73,134,1130,27,24.8,14.7,-175.2,"NFC","East","No","No",5.87173910078982,0.128260899210177
2005,"Chicago Bears",11,5,0.688,260,202,58,3.6,16,4101,937,4.4,28,13,233,219,418,2002,11,15,4.5,111,488,2099,11,4.3,99,105,850,23,22.6,12.8,-257.69,"NFC","North","Yes","No",9.60563882816657,1.39436117183343
2005,"Minnesota Vikings",9,7,0.563,306,344,-38,-2.4,16,4613,945,4.9,30,14,285,323,510,3146,18,16,5.6,169,381,1467,10,3.9,83,128,1013,33,27.9,14.2,-177.98,"NFC","North","No","No",6.97511776903568,2.02488223096432
2005,"Detroit Lions",5,11,0.313,254,345,-91,-5.7,16,4319,955,4.5,30,12,258,297,520,2848,15,18,5.2,151,404,1471,10,3.6,69,115,838,38,24.6,15.6,-187.33,"NFC","North","No","No",5.48545483116569,-0.485454831165693
2005,"Green Bay Packers",4,12,0.25,298,344,-46,-2.9,16,5118,1051,4.9,45,15,318,383,626,3766,20,30,5.8,206,398,1352,11,3.4,76,119,918,36,27,22.2,-157.53,"NFC","North","No","No",6.75019005316122,-2.75019005316122
2005,"Tampa Bay Buccaneers",11,5,0.688,300,274,26,1.6,16,4716,985,4.8,23,9,268,303,487,2890,17,14,5.5,161,457,1826,13,4,83,131,1085,24,27.4,11.6,-198.56,"NFC","South","Yes","No",8.74071691014838,2.25928308985162
2005,"Carolina Panthers",11,5,0.688,391,259,132,8.3,16,4950,964,5.1,26,10,278,269,449,3271,25,16,6.9,157,487,1679,17,3.4,82,91,732,39,35.8,12.6,-104.34,"NFC","South","Yes","No",11.7137614485101,-0.713761448510075
2005,"Atlanta Falcons",8,8,0.5,351,341,10,0.6,16,5225,1021,5.1,29,16,313,247,451,2679,19,13,5.5,149,531,2546,17,4.8,139,114,1043,25,31.6,13.2,-80.52,"NFC","South","No","No",8.32323452488746,-0.323234524887464
2005,"New Orleans Saints",3,13,0.188,235,398,-163,-10.2,16,5031,1017,4.9,43,19,312,308,553,3343,15,24,5.6,182,423,1688,8,4,89,135,1130,41,26.4,20.3,-199.14,"NFC","South","No","No",3.48671391760695,-0.486713917606945
2005,"Seattle Seahawks",13,3,0.813,452,271,181,11.3,16,5915,1020,5.8,17,7,361,307,474,3458,25,10,6.9,192,519,2457,29,4.7,142,94,846,27,38.9,8.1,48.65,"NFC","West","Yes","No",13.0972418658211,-0.0972418658210987
2005,"Los Angeles Rams",6,10,0.375,363,429,-66,-4.1,16,5571,1025,5.4,37,13,314,392,599,4036,23,24,6.3,209,380,1535,13,4,82,131,941,23,32.3,18.5,-103.69,"NFC","West","No","No",6.22894104633298,-0.228941046332983
2005,"Arizona Cardinals",5,11,0.313,311,387,-76,-4.8,16,5575,1075,5.2,37,16,304,419,670,4437,21,21,6.2,224,360,1138,2,3.2,58,145,1184,22,34,18,-175.55,"NFC","West","No","No",5.92748784996011,-0.927487849960109
2005,"San Francisco 49ers",4,12,0.25,239,428,-189,-11.8,16,3587,865,4.1,35,14,191,204,389,1898,8,21,4.3,96,428,1689,9,3.9,70,106,780,25,21.9,16.3,-278.06,"NFC","West","No","No",2.7701942349648,1.2298057650352
2006,"New England Patriots",12,4,0.75,385,237,148,9.3,16,5369,1055,5.1,27,15,330,326,527,3400,25,12,6.1,181,499,1969,20,3.9,121,98,940,28,34.4,13.8,-76.38,"AFC","East","Yes","No",12.1529869246958,-0.152986924695773
2006,"New York Jets",10,6,0.625,316,295,21,1.3,16,4891,1013,4.8,25,9,289,313,488,3153,17,16,6,161,491,1738,15,3.5,99,70,560,29,31.8,13.6,-133.92,"AFC","East","Yes","No",8.61028386349174,1.38971613650826
2006,"Buffalo Bills",7,9,0.438,300,311,-11,-0.7,16,4271,898,4.8,29,15,234,268,431,2719,19,14,5.7,132,420,1552,9,3.7,82,87,629,20,27.4,15.1,-160.68,"AFC","East","No","No",7.71830387676715,-0.718303876767147
2006,"Miami Dolphins",6,10,0.375,260,283,-23,-1.4,16,4960,1034,4.8,25,6,281,342,591,3287,16,19,5.2,180,402,1673,7,4.2,82,90,789,19,25.8,12.6,-183.26,"AFC","East","No","No",7.36738326860225,-1.36738326860225
2006,"Baltimore Ravens",13,3,0.813,353,201,152,9.5,16,5072,1017,5,23,9,282,328,524,3435,21,14,6.3,179,476,1637,11,3.4,86,109,878,17,31.3,11.5,-170.15,"AFC","North","Yes","No",12.2480563098932,0.751943690106822
2006,"Cincinnati Bengals",8,8,0.5,373,331,42,2.6,16,5462,994,5.5,24,11,313,327,523,3833,28,13,6.9,200,435,1629,14,3.7,88,92,717,25,35.6,12.2,-89.47,"AFC","North","No","No",9.21811359040203,-1.21811359040203
2006,"Pittsburgh Steelers",8,8,0.5,353,315,38,2.4,16,5725,1041,5.5,37,14,327,312,523,3733,23,23,6.5,201,469,1992,16,4.2,100,69,611,26,31.4,18.1,-76.32,"AFC","North","No","Yes",9.09791885569154,-1.09791885569154
2006,"Cleveland Browns",4,12,0.25,238,356,-118,-7.4,16,4233,938,4.5,42,17,250,318,512,2898,15,25,5.1,153,372,1335,7,3.6,72,74,687,25,22.9,21.3,-306.41,"AFC","North","No","No",4.731638767871,-0.731638767870997
2006,"Indianapolis Colts",12,4,0.75,427,360,67,4.2,16,6070,1011,6,19,10,376,362,557,4308,31,9,7.5,241,439,1762,17,4,112,86,718,23,47.4,10.9,26.73,"AFC","South","Yes","No",9.93502491666125,2.06497508333875
2006,"Tennessee Titans",8,8,0.5,324,400,-76,-4.8,16,4810,945,5.1,26,7,261,226,447,2596,13,19,5.5,133,469,2214,15,4.7,105,94,803,23,26.7,13.9,-168.4,"AFC","South","No","No",5.93376918733838,2.06623081266162
2006,"Jacksonville Jaguars",8,8,0.5,371,274,97,6.1,16,5423,989,5.5,23,9,293,266,446,2882,17,14,6.1,147,513,2541,23,5,127,97,810,19,35.1,11.2,-80.6,"AFC","South","No","No",10.7369503885342,-2.73695038853423
2006,"Houston Texans",6,10,0.375,267,366,-99,-6.2,16,4463,955,4.7,25,12,282,329,481,2778,14,13,5.3,156,431,1685,13,3.9,106,90,761,20,27.2,13.6,-127.87,"AFC","South","No","No",5.27067389105613,0.729326108943869
2006,"Los Angeles Chargers",14,2,0.875,492,303,189,11.8,16,5840,1016,5.7,15,6,321,287,466,3262,24,9,6.6,169,522,2578,32,4.9,137,90,791,15,43.2,6.8,-0.85,"AFC","West","Yes","No",13.3376313352421,0.662368664757928
2006,"Kansas City Chiefs",9,7,0.563,331,315,16,1,16,5143,1004,5.1,26,14,310,272,450,3000,18,12,6.1,184,513,2143,17,4.2,105,76,577,21,32.4,12.6,-88.56,"AFC","West","Yes","No",8.47936763703677,0.52063236296323
2006,"Denver Broncos",9,7,0.563,319,305,14,0.9,16,4951,973,5.1,30,12,285,256,454,2799,20,18,5.8,151,488,2152,12,4.4,106,67,478,28,30.7,14.6,-139.19,"AFC","West","No","No",8.41830391008487,0.58169608991513
2006,"Las Vegas Raiders",2,14,0.125,168,332,-164,-10.3,16,3939,949,4.2,46,22,243,263,483,2420,7,24,4.4,144,394,1519,5,3.9,73,111,847,26,16.7,25,-358.27,"AFC","West","No","No",3.42670808643296,-1.42670808643296
2006,"Philadelphia Eagles",10,6,0.625,398,328,70,4.4,16,6103,988,6.2,24,15,312,323,544,4119,31,9,7.2,189,416,1984,13,4.8,106,112,983,17,33.9,11.5,-32.03,"NFC","East","Yes","No",10.0039110565677,-0.00391105656766122
2006,"Dallas Cowboys",9,7,0.563,425,350,75,4.7,16,5772,1015,5.7,30,9,336,310,506,3836,26,21,7.1,197,472,1936,21,4.1,107,100,939,32,38.1,15.3,-35.15,"NFC","East","Yes","No",10.1551208345524,-1.15512083455243
2006,"New York Giants",8,8,0.5,355,362,-7,-0.4,16,5214,1003,5.2,28,10,304,301,523,3058,24,18,5.6,163,455,2156,14,4.7,120,101,881,21,32.6,13.7,-108.77,"NFC","East","Yes","No",7.85540990441913,0.144590095580869
2006,"Washington Commanders",5,11,0.313,307,376,-69,-4.3,16,5243,979,5.4,17,7,295,274,470,3027,19,10,6.2,150,490,2216,13,4.5,123,106,939,22,30.2,9.5,-66.51,"NFC","East","No","No",6.11898462356865,-1.11898462356865
2006,"Chicago Bears",13,3,0.813,427,255,172,10.8,16,5199,1042,5,36,14,300,282,514,3281,24,22,6.1,161,503,1918,14,3.8,103,112,923,36,34.8,15.9,-133.82,"NFC","North","Yes","No",12.8364673086891,0.163532691310927
2006,"Green Bay Packers",8,8,0.5,301,366,-65,-4.1,16,5458,1085,5,33,15,301,350,630,3795,18,18,5.8,185,431,1663,9,3.9,93,90,689,23,26.6,16.1,-185.35,"NFC","North","No","No",6.22661668352259,1.77338331647741
2006,"Minnesota Vikings",6,10,0.375,282,327,-45,-2.8,16,4943,1025,4.8,32,12,272,332,540,3123,13,20,5.4,160,442,1820,12,4.1,87,123,903,25,23.9,15.7,-203.52,"NFC","North","No","No",6.77009196107394,-0.770091961073938
2006,"Detroit Lions",3,13,0.188,305,398,-93,-5.8,16,4949,963,5.1,39,17,290,372,596,3820,21,22,5.8,208,304,1129,9,3.7,53,116,939,29,31.9,21.1,-187.39,"NFC","North","No","No",5.45483143150849,-2.45483143150849
2006,"New Orleans Saints",10,6,0.625,413,322,91,5.7,16,6264,1075,5.8,23,10,330,372,580,4503,27,13,7.5,207,472,1761,19,3.7,99,79,597,24,36.8,12.1,-100.41,"NFC","South","Yes","No",10.5914472319482,-0.591447231948152
2006,"Carolina Panthers",8,8,0.5,270,305,-35,-2.2,16,4923,994,5,27,10,278,325,539,3264,19,17,5.7,158,423,1659,7,3.9,100,103,744,20,25.4,12.7,-128.23,"NFC","South","No","No",7.04062165035379,0.95937834964621
2006,"Atlanta Falcons",7,9,0.438,292,328,-36,-2.3,16,5310,1000,5.3,20,5,287,222,416,2371,21,15,5.1,133,537,2939,9,5.5,134,96,877,20,28.8,10.9,-100.14,"NFC","South","No","No",7.02361882123104,-0.0236188212310378
2006,"Tampa Bay Buccaneers",4,12,0.25,211,353,-142,-8.9,16,4321,972,4.4,32,14,237,296,535,2798,14,18,4.9,133,404,1523,6,3.8,82,87,732,22,19.5,16.3,-287.73,"NFC","South","No","No",4.05540608085262,-0.0554060808526247
2006,"Seattle Seahawks",9,7,0.563,335,341,-6,-0.4,16,4977,1045,4.8,34,12,312,292,512,3054,26,22,5.4,167,484,1923,8,4,112,94,700,33,29.9,17.3,-202.3,"NFC","West","Yes","No",7.87337909313854,1.12662090686146
2006,"Los Angeles Rams",8,8,0.5,367,381,-14,-0.9,16,5767,1065,5.4,18,10,332,371,592,3962,24,8,6.2,212,424,1805,13,4.3,94,116,960,26,37.7,8.7,-53.93,"NFC","West","No","No",7.66777856919722,0.332221430802781
2006,"San Francisco 49ers",7,9,0.438,298,412,-114,-7.1,16,4860,917,5.3,32,16,243,257,444,2688,16,16,5.6,132,438,2172,12,5,97,93,818,14,30.2,15.3,-179.97,"NFC","West","No","No",4.87116069451463,2.12883930548537
2006,"Arizona Cardinals",5,11,0.313,314,389,-75,-4.7,16,5000,999,5,30,13,298,322,545,3662,17,17,6.3,187,419,1338,12,3.2,84,117,937,27,32.2,15.3,-95.61,"NFC","West","No","No",5.95657017404107,-0.956570174041071
2007,"New England Patriots",16,0,1,589,274,315,19.7,16,6580,1058,6.2,15,6,393,403,586,4731,50,9,7.8,243,451,1849,17,4.1,124,78,690,26,52.7,7.8,133.73,"AFC","East","Yes","No",16.8662306461133,-0.866230646113326
2007,"Buffalo Bills",7,9,0.438,252,354,-102,-6.4,16,4434,919,4.8,21,7,248,263,445,2634,12,14,5.6,141,448,1800,8,4,91,78,633,16,24.9,11.9,-172.71,"AFC","East","No","No",5.18052784002327,1.81947215997673
2007,"New York Jets",4,12,0.25,268,355,-87,-5.4,16,4715,1011,4.7,25,6,286,310,512,3014,15,19,5.3,173,446,1701,6,3.8,92,63,486,21,29.2,14,-172.29,"AFC","East","No","No",5.60275048708621,-1.60275048708621
2007,"Miami Dolphins",1,15,0.063,267,437,-170,-10.6,16,4600,989,4.7,29,13,283,318,558,3031,12,16,5.1,162,389,1569,14,4,107,91,732,14,26.9,16,-153.67,"AFC","East","No","No",3.3087461783516,-2.3087461783516
2007,"Pittsburgh Steelers",10,6,0.625,393,269,124,7.8,16,5239,1000,5.2,22,8,298,282,442,3071,34,14,6.3,179,511,2168,9,4.2,108,80,651,11,37.7,11.4,-18.96,"AFC","North","Yes","No",11.4936655306189,-1.4936655306189
2007,"Cleveland Browns",10,6,0.625,402,382,20,1.3,16,5621,1004,5.6,29,9,315,305,545,3726,29,20,6.6,192,440,1895,13,4.3,110,114,868,13,35.4,14.6,-120.58,"AFC","North","No","No",8.62420454146201,1.37579545853799
2007,"Cincinnati Bengals",7,9,0.438,380,385,-5,-0.3,16,5568,1008,5.5,30,10,320,373,575,4012,26,20,6.8,213,416,1556,10,3.7,81,90,670,26,37.9,15.3,-57.26,"AFC","North","No","No",7.9227549687493,-0.922754968749303
2007,"Baltimore Ravens",5,11,0.313,275,384,-109,-6.8,16,4832,1042,4.6,40,26,291,341,557,3035,13,14,5.1,175,446,1797,11,4,96,107,873,20,27.4,18.3,-231.17,"AFC","North","No","No",4.99821148258297,0.00178851741703401
2007,"Indianapolis Colts",13,3,0.813,450,262,188,11.8,16,5739,1020,5.6,19,5,357,355,551,4033,32,14,7,212,446,1706,19,3.8,119,67,515,26,44.6,11.4,52.46,"AFC","South","Yes","Yes",13.2897049990263,-0.289704999026295
2007,"Jacksonville Jaguars",11,5,0.688,411,304,107,6.7,16,5719,1022,5.6,21,13,328,288,469,3328,28,8,6.7,180,522,2391,18,4.6,127,76,594,21,39.6,10.1,-1.73,"AFC","South","Yes","No",11.0326054273272,-0.0326054273271641
2007,"Tennessee Titans",10,6,0.625,301,297,4,0.3,16,4987,1037,4.8,34,17,306,288,464,2878,9,17,5.8,171,543,2109,17,3.9,118,101,773,17,32.3,16.9,-172.57,"AFC","South","Yes","No",8.13327882685516,1.86672117314484
2007,"Houston Texans",8,8,0.5,379,384,-5,-0.3,16,5337,968,5.5,38,17,295,346,529,3751,24,21,6.8,190,417,1586,12,3.8,96,82,636,9,35.5,20.9,-86.53,"AFC","South","No","No",7.92227178895098,0.0777282110490249
2007,"Los Angeles Chargers",11,5,0.688,412,284,128,8,16,5044,980,5.1,24,8,278,281,471,3005,22,16,6.1,158,485,2039,19,4.2,104,94,761,16,34,12.6,-114.6,"AFC","West","Yes","No",11.6133770855311,-0.613377085531056
2007,"Denver Broncos",7,9,0.438,320,409,-89,-5.6,16,5541,976,5.7,29,14,305,326,515,3584,21,15,6.6,187,429,1957,10,4.6,96,90,610,22,32.8,14.7,-72.86,"AFC","West","No","No",5.57261026722733,1.42738973277267
2007,"Kansas City Chiefs",4,12,0.25,226,335,-109,-6.8,16,4429,1001,4.4,33,13,255,335,563,3181,17,20,5.1,171,383,1248,6,3.3,66,101,697,18,21.6,15.5,-191.37,"AFC","West","No","No",4.97453567246487,-0.974535672464868
2007,"Las Vegas Raiders",4,12,0.25,283,398,-115,-7.2,16,4717,1000,4.7,37,17,267,260,451,2631,17,20,5.3,133,508,2086,11,4.1,111,120,864,23,26.7,17.3,-187.89,"AFC","West","No","No",4.83628021285372,-0.836280212853719
2007,"Dallas Cowboys",13,3,0.813,455,325,130,8.1,16,5851,975,6,24,5,322,342,531,4105,36,19,7.4,217,419,1746,14,4.2,83,104,815,22,41.8,12.6,19.43,"NFC","East","Yes","No",11.6894193862311,1.31058061376886
2007,"New York Giants",10,6,0.625,373,351,22,1.4,16,5302,1041,5.1,34,14,321,302,544,3154,23,20,5.5,167,469,2148,15,4.6,119,77,652,35,32.3,17.5,-163.79,"NFC","East","Yes","No",8.66545789668244,1.33454210331756
2007,"Washington Commanders",9,7,0.563,334,310,24,1.5,16,5334,1052,5.1,29,18,307,319,525,3463,18,11,6.3,192,498,1871,15,3.8,103,90,751,12,32.1,15,-198.87,"NFC","East","Yes","No",8.70187945391959,0.298120546080408
2007,"Philadelphia Eagles",8,8,0.5,336,300,36,2.3,16,5729,1047,5.5,27,12,323,350,577,3755,24,15,6,186,421,1974,12,4.7,118,83,649,19,34.1,13.2,-37.49,"NFC","East","No","No",9.034439229748,-1.034439229748
2007,"Green Bay Packers",13,3,0.813,435,291,144,9,16,5931,985,6,24,9,307,383,578,4334,30,15,7.3,210,388,1597,13,4.1,69,113,1006,28,38.9,12.1,-41.4,"NFC","North","Yes","No",12.0666147758683,0.933385224131719
2007,"Minnesota Vikings",8,8,0.5,365,311,54,3.4,16,5379,964,5.6,30,16,294,249,432,2745,12,14,5.8,139,494,2634,22,5.3,131,86,662,24,28.4,15.3,-52.29,"NFC","North","No","No",9.54584156824715,-1.54584156824715
2007,"Detroit Lions",7,9,0.438,346,444,-98,-6.1,16,5166,965,5.4,36,14,303,368,587,3878,19,22,6,203,324,1288,13,4,73,100,676,27,32.3,18.5,-124.39,"NFC","North","No","No",5.33647787981006,1.66352212018994
2007,"Chicago Bears",7,9,0.438,334,348,-14,-0.9,16,4692,1035,4.5,34,13,266,327,569,3362,18,21,5.5,168,423,1330,8,3.1,74,111,839,24,27.8,15.1,-194.23,"NFC","North","No","No",7.65183363585238,-0.65183363585238
2007,"Tampa Bay Buccaneers",9,7,0.563,334,270,64,4,16,5229,975,5.4,20,12,281,316,490,3357,18,8,6.4,162,449,1872,15,4.2,98,81,614,21,33,9.7,-156.35,"NFC","South","Yes","No",9.80719084135876,-0.807190841358763
2007,"Carolina Panthers",7,9,0.438,267,347,-80,-5,16,4559,989,4.6,29,12,255,285,505,2735,19,17,5.1,142,451,1824,7,4,85,95,801,28,26.5,13.8,-173.41,"NFC","South","No","No",5.79569680008974,1.20430319991026
2007,"New Orleans Saints",7,9,0.438,379,388,-9,-0.6,16,5780,1060,5.5,30,12,346,440,652,4314,28,18,6.5,232,392,1466,14,3.7,94,68,581,20,31.7,16.1,-50.3,"NFC","South","No","No",7.81174065020706,-0.811740650207058
2007,"Atlanta Falcons",4,12,0.25,259,414,-155,-9.7,16,4813,987,4.9,24,9,248,336,555,3293,18,15,5.5,161,385,1520,7,3.9,73,105,891,14,26.3,12.4,-199.45,"NFC","South","No","No",3.71937251025466,0.280627489745336
2007,"Seattle Seahawks",10,6,0.625,393,291,102,6.4,16,5583,1056,5.3,24,11,323,371,590,3964,30,13,6.3,211,430,1619,9,3.8,93,59,428,19,33.2,11.4,-107.06,"NFC","West","Yes","No",10.8857442675274,-0.885744267527354
2007,"Arizona Cardinals",8,8,0.5,404,399,5,0.3,16,5505,1016,5.4,36,12,308,356,590,4065,32,24,6.6,210,402,1440,9,3.6,70,137,1128,28,32,18.3,-176.41,"NFC","West","No","No",8.21067913076898,-0.21067913076898
2007,"San Francisco 49ers",5,11,0.313,219,364,-145,-9.1,16,3797,925,4.1,34,17,218,274,513,2320,15,17,4.1,140,357,1477,8,4.1,65,97,702,13,19.7,15.8,-316.28,"NFC","West","No","No",3.97637316518132,1.02362683481868
2007,"Los Angeles Rams",3,13,0.188,263,438,-175,-10.9,16,4760,1026,4.6,37,9,281,333,574,3233,19,28,5.2,193,404,1527,5,3.8,65,94,794,23,24.9,18.7,-194.74,"NFC","West","No","No",3.16864953572839,-0.168649535728393
2008,"Miami Dolphins",11,5,0.688,345,317,28,NA,16,5529,965,5.7,13,6,308,330,491,3632,20,7,7,184,448,1897,18,4.2,111,81,669,13,33.9,6.9,-94.02,"AFC","East","Yes","No",8.81772557044512,2.18227442955488
2008,"New England Patriots",11,5,0.688,410,309,101,NA,16,5847,1095,5.3,21,10,356,339,534,3569,21,11,6.1,186,513,2278,21,4.4,145,57,501,25,44.8,11.5,-13.1,"AFC","East","No","No",10.866325539413,0.13367446058704
2008,"New York Jets",9,7,0.563,405,356,49,NA,16,5307,981,5.4,31,8,308,347,529,3303,22,23,5.9,186,422,2004,20,4.7,94,77,569,28,37.3,16.9,-71.83,"AFC","East","No","No",9.4270048367504,-0.427004836750395
2008,"Buffalo Bills",7,9,0.438,336,342,-6,NA,16,4882,956,5.1,30,15,287,309,479,3040,14,15,5.9,167,439,1842,16,4.2,107,71,538,13,34.1,16.5,-177.66,"AFC","East","No","No",7.87386227293687,-0.87386227293687
2008,"Pittsburgh Steelers",12,4,0.75,347,223,124,NA,16,4991,1015,4.9,25,10,290,303,506,3301,19,15,5.9,179,460,1690,16,3.7,93,95,812,18,32.6,12.6,-199.86,"AFC","North","Yes","No",11.4714392598958,0.528560740104211
2008,"Baltimore Ravens",11,5,0.688,385,244,141,NA,16,5184,1058,4.9,21,9,300,261,433,2808,16,12,6,147,592,2376,20,4,132,103,785,21,33,10.8,-196.15,"AFC","North","Yes","No",11.9595574318939,-0.959557431893918
2008,"Cincinnati Bengals",4,11,0.281,204,364,-160,NA,16,3926,984,4,26,11,245,303,513,2406,11,15,4.3,145,420,1520,6,3.6,80,75,591,20,21,13.4,-273.1,"AFC","North","No","No",3.5546336979167,0.445366302083301
2008,"Cleveland Browns",4,12,0.25,232,350,-118,NA,16,3985,921,4.3,26,6,233,238,488,2380,11,20,4.6,127,409,1605,6,3.9,84,100,669,22,27.3,14.5,-217.96,"AFC","North","No","No",4.72873968908103,-0.728739689081026
2008,"Tennessee Titans",13,3,0.813,375,234,141,NA,16,5018,973,5.2,17,8,268,265,453,2819,13,9,6.1,143,508,2199,24,4.3,108,108,855,17,34.6,8.9,-76.91,"AFC","South","Yes","No",11.9547256339106,1.04527436608937
2008,"Indianapolis Colts",12,4,0.75,377,298,79,NA,16,5368,969,5.5,17,5,321,393,585,4094,27,12,6.8,220,370,1274,13,3.4,80,86,619,21,40.7,10,13.94,"AFC","South","Yes","No",10.2424593429766,1.75754065702342
2008,"Houston Texans",8,8,0.5,366,394,-28,NA,16,6113,1019,6,32,12,340,367,555,4267,21,20,7.3,210,432,1846,16,4.3,106,80,664,24,38.2,17.3,-76.35,"AFC","South","No","No",7.28043640379518,0.719563596204818
2008,"Jacksonville Jaguars",5,11,0.313,302,367,-65,NA,16,5106,1005,5.1,24,11,312,335,537,3332,15,13,5.8,183,426,1774,17,4.2,107,104,813,22,29.7,12.8,-75.31,"AFC","South","No","No",6.22709986332092,-1.22709986332092
2008,"Los Angeles Chargers",8,8,0.5,439,347,92,NA,16,5584,924,6,20,9,301,312,478,3858,34,11,7.7,191,421,1726,13,4.1,92,95,748,18,43.5,10.6,37.86,"AFC","West","Yes","No",10.6316426913907,-2.63164269139068
2008,"Denver Broncos",8,8,0.5,370,448,-78,NA,16,6333,1019,6.2,30,12,354,386,620,4471,25,18,7.1,223,387,1862,15,4.8,103,77,739,28,38.9,17.4,40.33,"AFC","West","No","No",5.90072988868953,2.09927011131047
2008,"Las Vegas Raiders",5,11,0.313,263,388,-125,NA,16,4356,919,4.7,23,12,225,222,421,2369,13,11,5.2,123,459,1987,9,4.3,87,109,823,15,24.6,11.8,-231.49,"AFC","West","No","No",4.55028877002736,0.449711229972644
2008,"Kansas City Chiefs",2,14,0.125,291,440,-149,NA,16,4939,957,5.2,24,8,273,310,541,3129,23,16,5.4,161,379,1810,9,4.8,94,78,645,18,27,12.4,-123.89,"AFC","West","No","No",3.90063097191705,-1.90063097191705
2008,"New York Giants",12,4,0.75,427,294,133,NA,16,5695,1021,5.6,13,3,338,298,491,3177,23,10,6.1,176,502,2518,19,5,130,102,821,32,43.8,7.3,-47.01,"NFC","East","Yes","Yes",11.7587887059359,0.241211294064117
2008,"Philadelphia Eagles",9,6,0.594,416,289,127,NA,16,5608,1056,5.3,26,10,318,362,606,3911,23,16,6.2,204,427,1697,15,4,94,74,635,20,35.5,11.5,-106.76,"NFC","East","Yes","No",11.5876770200384,-2.58767702003839
2008,"Dallas Cowboys",9,7,0.563,362,365,-3,NA,16,5512,979,5.6,33,13,291,328,547,3789,29,20,6.6,171,401,1723,12,4.3,102,120,957,18,32.1,16.3,-88.66,"NFC","East","No","No",7.96932330175135,1.03067669824865
2008,"Washington Commanders",8,8,0.5,265,296,-31,NA,16,5120,1026,5,18,12,295,318,510,3025,14,6,5.5,165,478,2095,12,4.4,109,83,644,21,29.2,9.6,-173.59,"NFC","East","No","No",7.14873689010606,0.851263109893936
2008,"Minnesota Vikings",10,6,0.625,379,333,46,NA,16,5288,1014,5.2,31,14,292,267,452,2956,22,17,6,150,519,2332,15,4.5,119,90,692,23,34.7,14.7,-102.8,"NFC","North","Yes","No",9.33154380793592,0.668456192064083
2008,"Chicago Bears",9,7,0.563,375,350,25,NA,16,4734,991,4.8,27,13,264,304,528,3061,20,14,5.5,153,434,1673,15,3.9,98,78,610,13,30.5,11.3,-165.89,"NFC","North","No","No",8.74932261033704,0.250677389662963
2008,"Green Bay Packers",6,10,0.375,419,380,39,NA,16,5618,1012,5.6,21,8,299,343,541,3813,28,13,6.6,182,437,1805,11,4.1,99,110,984,18,36.9,11.2,-12.53,"NFC","North","No","No",9.1574415070672,-3.1574415070672
2008,"Detroit Lions",0,16,0,268,517,-249,NA,16,4292,913,4.7,29,10,234,281,509,2960,18,19,5.3,143,352,1332,10,3.8,70,88,729,21,26.2,15,-180.57,"NFC","North","No","No",1.12623936795757,-1.12623936795757
2008,"Carolina Panthers",12,4,0.75,414,329,85,NA,16,5595,938,6,19,7,287,246,414,3158,15,12,7.3,152,504,2437,30,4.8,118,94,637,17,38,9.9,-47.15,"NFC","South","Yes","No",10.4261337036306,1.57386629636939
2008,"Atlanta Falcons",11,5,0.688,391,325,66,NA,16,5779,1011,5.7,21,10,313,265,434,3336,16,11,7.4,157,560,2443,23,4.4,131,71,591,25,39.7,10.3,-18.27,"NFC","South","Yes","No",9.88999765923544,1.11000234076456
2008,"Tampa Bay Buccaneers",9,7,0.563,361,323,38,NA,16,5456,1045,5.2,26,13,298,355,562,3619,18,13,6.1,184,451,1837,13,4.1,100,95,834,14,33.3,12.7,-192.43,"NFC","South","No","No",9.10178429407817,-0.10178429407817
2008,"New Orleans Saints",8,8,0.5,463,393,70,NA,16,6571,1047,6.3,26,8,354,413,636,4977,34,18,7.7,232,398,1594,20,4,103,86,797,19,42.7,14,51.85,"NFC","South","No","No",10.035317743459,-2.03531774345902
2008,"Arizona Cardinals",9,7,0.563,427,426,1,NA,16,5852,998,5.9,30,15,328,418,630,4674,31,15,7.1,231,340,1178,14,3.5,72,107,781,25,39.3,15.7,-42.91,"NFC","West","Yes","No",8.11126112738662,0.888738872613381
2008,"San Francisco 49ers",7,9,0.438,339,381,-42,NA,16,4978,961,5.2,35,16,287,309,509,3379,21,19,6,176,397,1599,10,4,83,98,732,28,33,18.4,-133.8,"NFC","West","No","No",6.8805315636366,0.1194684363634
2008,"Seattle Seahawks",4,12,0.25,294,392,-98,NA,16,4385,927,4.7,27,12,265,262,474,2617,18,15,5.1,142,417,1768,10,4.2,104,79,601,19,29.5,13.6,-125.55,"NFC","West","No","No",5.31135253029698,-1.31135253029698
2008,"Los Angeles Rams",2,14,0.125,232,465,-233,NA,16,4596,982,4.7,31,12,249,292,520,2947,11,19,5.2,140,417,1649,8,4,95,97,718,14,26.3,16.3,-238.05,"NFC","West","No","No",1.55096945019341,0.449030549806589
2009,"New England Patriots",10,6,0.625,427,285,142,8.9,16,6357,1076,5.9,22,9,373,390,592,4436,28,13,7.3,222,466,1921,19,4.1,114,81,743,37,41,12.4,22.9,"AFC","East","Yes","No",12.0074837681097,-2.0074837681097
2009,"New York Jets",9,7,0.563,348,236,112,7,16,5136,1030,5,30,9,280,210,393,2380,12,21,5.6,131,607,2756,21,4.5,132,88,677,17,31.8,15.2,-176.01,"AFC","East","Yes","No",11.1403290234624,-2.14032902346236
2009,"Miami Dolphins",7,9,0.438,360,390,-30,-1.9,16,5401,1088,5,29,10,333,331,545,3170,15,19,5.5,188,509,2231,22,4.4,129,78,640,16,34.3,15.5,-80.15,"AFC","East","No","No",7.22227175563325,-0.222271755633252
2009,"Buffalo Bills",6,10,0.375,258,326,-68,-4.3,16,4382,911,4.8,30,11,233,256,441,2515,17,19,5.2,126,424,1867,6,4.4,81,107,855,26,27.1,13.8,-206.59,"AFC","East","No","No",6.12294159813653,-0.122941598136531
2009,"Cincinnati Bengals",10,6,0.625,305,291,14,0.9,16,4946,1011,4.9,25,12,295,286,477,2890,21,13,5.7,159,505,2056,9,4.1,109,114,863,27,29.9,13,-130.3,"AFC","North","No","No",8.41153939290827,1.58846060709173
2009,"Baltimore Ravens",9,7,0.563,391,261,130,8.1,16,5619,1014,5.5,22,9,320,321,510,3419,21,13,6.3,187,468,2200,22,4.7,115,115,1094,18,35,10.9,-66.23,"AFC","North","Yes","No",11.6584958791381,-2.65849587913812
2009,"Pittsburgh Steelers",9,7,0.563,368,324,44,2.8,16,5941,1014,5.9,25,11,331,351,536,4148,28,14,7.1,210,428,1793,10,4.2,96,85,769,25,35.5,12.6,-69.44,"AFC","North","No","Yes",9.27096326078235,-0.270963260782345
2009,"Cleveland Browns",5,11,0.313,245,375,-130,-8.1,16,4163,971,4.3,31,13,237,219,443,2076,11,18,4.4,118,498,2087,10,4.2,102,77,678,17,23.3,16.4,-207.34,"AFC","North","No","No",4.40342761022755,0.596572389772454
2009,"Indianapolis Colts",14,2,0.875,416,307,109,6.8,16,5809,980,5.9,24,5,339,402,601,4515,34,19,7.4,241,366,1294,16,3.5,69,74,546,29,37.9,13.2,43.68,"AFC","South","Yes","No",11.0902868956908,2.90971310430924
2009,"Houston Texans",9,7,0.563,388,333,55,3.4,16,6129,1043,5.9,28,11,340,399,593,4654,29,17,7.5,231,425,1475,13,3.5,93,95,833,16,33.7,15,-28.67,"AFC","South","No","No",9.58458748829469,-0.584587488294686
2009,"Tennessee Titans",8,8,0.5,354,402,-48,-3,16,5623,990,5.7,31,16,288,271,476,3031,16,15,6.2,154,499,2592,19,5.2,115,98,821,19,33.2,15,-113.09,"AFC","South","No","No",6.72198255249565,1.27801744750435
2009,"Jacksonville Jaguars",7,9,0.438,290,380,-90,-5.6,16,5385,1010,5.3,23,13,300,315,519,3356,15,10,6,170,447,2029,19,4.5,114,70,542,16,29.5,12.5,-95.89,"AFC","South","No","No",5.5304820885915,1.4695179114085
2009,"Los Angeles Chargers",13,3,0.813,454,320,134,8.4,16,5761,972,5.9,17,7,330,338,519,4338,29,10,8,222,427,1423,17,3.3,80,78,570,28,45.9,9.4,-11.67,"AFC","West","Yes","No",11.7994673451767,1.20053265482327
2009,"Denver Broncos",8,8,0.5,326,324,2,0.1,16,5463,1032,5.3,23,10,306,341,558,3627,21,13,6.1,186,440,1836,9,4.2,95,93,800,25,31.7,11.6,-111.32,"AFC","West","No","No",8.09009275244142,-0.0900927524414179
2009,"Las Vegas Raiders",5,11,0.313,197,379,-182,-11.4,16,4258,944,4.5,33,15,234,255,485,2557,10,18,4.8,131,410,1701,7,4.1,81,117,920,22,22.2,16.5,-296.58,"AFC","West","No","No",2.94333017623686,2.05666982376314
2009,"Kansas City Chiefs",4,12,0.25,294,424,-130,-8.1,16,4851,1019,4.8,27,10,256,296,536,2922,18,17,5,139,438,1929,8,4.4,91,84,667,26,25.2,12.4,-192.81,"AFC","West","No","No",4.42710342034564,-0.427103420345643
2009,"Dallas Cowboys",11,5,0.688,361,250,111,6.9,16,6390,1020,6.3,19,10,335,347,550,4287,26,9,7.3,203,436,2103,14,4.8,110,115,892,22,33.5,9.5,-32.87,"NFC","East","Yes","No",11.1189775761547,-0.118977576154656
2009,"Philadelphia Eagles",11,5,0.688,429,337,92,5.8,16,5726,975,5.9,23,10,290,335,553,4089,27,13,6.9,182,384,1637,14,4.3,87,115,951,21,38,10.4,-49.4,"NFC","East","Yes","No",10.6268108934074,0.373189106592612
2009,"New York Giants",8,8,0.5,402,427,-25,-1.6,16,5856,1017,5.8,31,17,323,338,542,4019,28,14,7,194,443,1837,14,4.1,103,95,802,26,37.7,15.3,-34.71,"NFC","East","No","No",7.38072923059295,0.619270769407053
2009,"Washington Commanders",4,12,0.25,266,336,-70,-4.4,16,5000,970,5.2,28,12,280,340,533,3490,21,16,6,191,391,1510,8,3.9,72,85,679,17,29.7,13.4,-155.59,"NFC","East","No","No",6.0715414671512,-2.0715414671512
2009,"Minnesota Vikings",12,4,0.75,470,312,158,9.9,16,6074,1054,5.8,18,11,343,377,553,4156,34,7,7.1,220,467,1918,19,4.1,99,101,757,24,42,9,7.01,"NFC","North","Yes","No",12.4703850544135,-0.470385054413491
2009,"Green Bay Packers",11,5,0.688,461,297,164,10.3,16,6065,1042,5.8,16,8,335,357,553,4180,30,8,6.9,201,438,1885,20,4.3,102,118,1057,32,40.3,7.9,72.34,"NFC","North","Yes","No",12.6318331443444,-1.63183314434441
2009,"Chicago Bears",7,9,0.438,327,375,-48,-3,16,4965,971,5.1,34,7,262,340,563,3473,27,27,5.8,170,373,1492,6,4,71,100,836,21,29.5,16.6,-206.86,"NFC","North","No","No",6.70893669794079,0.291063302059214
2009,"Detroit Lions",2,14,0.125,262,494,-232,-14.5,16,4784,1037,4.6,41,9,281,316,585,3168,16,32,5,168,409,1616,9,4,82,98,768,31,23.7,20.1,-196.67,"NFC","North","No","No",1.59309762882925,0.406902371170753
2009,"New Orleans Saints",13,3,0.813,510,341,169,10.6,16,6461,1032,6.3,28,16,348,378,544,4355,34,12,7.7,215,468,2106,21,4.5,115,89,787,18,41.6,13.5,60.76,"NFC","South","Yes","No",12.7936728778924,0.206327122107599
2009,"Atlanta Falcons",9,7,0.563,363,325,38,2.4,16,5447,1048,5.2,25,8,330,332,570,3571,26,17,6,192,451,1876,15,4.2,105,78,664,33,35.3,13.5,-77.35,"NFC","South","No","No",9.10275065367482,-0.102750653674825
2009,"Carolina Panthers",8,8,0.5,315,308,7,0.4,16,5297,1023,5.2,31,11,289,264,465,2799,16,20,5.6,152,525,2498,18,4.8,123,88,698,14,29,15,-123.58,"NFC","South","No","No",8.2229416980897,-0.222941698089702
2009,"Tampa Bay Buccaneers",3,13,0.188,244,400,-156,-9.8,16,4600,961,4.8,34,5,246,279,524,2973,18,29,5.3,148,404,1627,5,4,80,93,696,18,20.1,17.5,-226.98,"NFC","South","No","No",3.68449202859376,-0.684492028593757
2009,"Arizona Cardinals",10,6,0.625,375,325,50,3.1,16,5510,985,5.6,36,18,317,392,594,4016,27,18,6.5,215,365,1494,16,4.1,77,108,886,25,30.7,17.1,-116,"NFC","West","Yes","No",9.44014222748652,0.559857772513482
2009,"San Francisco 49ers",8,8,0.5,330,281,49,3.1,16,4652,939,5,24,10,238,312,528,3052,23,14,5.4,137,371,1600,12,4.3,77,98,758,24,27.6,10.2,-137.18,"NFC","West","No","No",9.39076635187576,-1.39076635187576
2009,"Seattle Seahawks",5,11,0.313,280,390,-110,-6.9,16,5069,1045,4.9,31,12,297,372,609,3503,20,19,5.4,184,395,1566,7,4,80,95,840,33,26.3,15.5,-169.53,"NFC","West","No","No",4.97299459688863,0.02700540311137
2009,"Los Angeles Rams",1,15,0.063,175,436,-261,-16.3,16,4470,998,4.5,33,12,259,312,543,2686,12,21,4.6,159,411,1784,4,4.3,79,100,834,21,19.3,16.6,-246.26,"NFC","West","No","No",0.749710230481268,0.250289769518732
2010,"New England Patriots",14,2,0.875,518,313,205,12.8,16,5820,986,5.9,10,5,335,331,507,3847,37,5,7.2,196,454,1973,19,4.3,119,83,766,20,47,5.4,73.64,"AFC","East","Yes","No",13.7923185649743,0.207681435025719
2010,"New York Jets",11,5,0.688,367,304,63,3.9,16,5616,1087,5.2,21,7,307,288,525,3242,20,14,5.9,171,534,2374,14,4.4,118,103,934,18,32.2,10.6,-122.93,"AFC","East","Yes","No",9.79550299001762,1.20449700998238
2010,"Miami Dolphins",7,9,0.438,273,333,-60,-3.8,16,5170,1040,5,31,10,300,335,557,3527,17,21,5.9,189,445,1643,8,3.7,91,72,595,20,29.7,15.7,-174.02,"AFC","East","No","No",6.35125157259929,0.648748427400706
2010,"Buffalo Bills",4,12,0.25,283,425,-142,-8.9,16,4878,954,5.1,39,18,263,296,519,3158,24,21,5.7,166,401,1720,6,4.3,82,82,633,15,25.3,19.2,-174.07,"AFC","East","No","No",4.09019502633228,-0.090195026332279
2010,"Pittsburgh Steelers",12,4,0.75,375,232,143,8.9,16,5525,993,5.6,18,9,295,298,479,3601,22,9,6.9,175,471,1924,15,4.1,106,100,903,14,36.9,9.5,-133.72,"AFC","North","Yes","No",12.0099912032826,-0.00999120328259018
2010,"Baltimore Ravens",12,4,0.75,357,270,87,5.4,16,5166,1018,5.1,20,10,303,308,491,3335,25,10,6.3,175,487,1831,11,3.8,97,90,673,31,32.8,9.5,-79.88,"AFC","North","Yes","No",10.4538580244978,1.54614197550216
2010,"Cleveland Browns",5,11,0.313,271,332,-61,-3.8,16,4635,927,5,29,11,265,296,478,2989,13,18,5.8,154,413,1646,13,4,87,78,675,24,27.7,15.8,-169.65,"AFC","North","No","No",6.32265242831666,-1.32265242831666
2010,"Cincinnati Bengals",4,12,0.25,322,395,-73,-4.6,16,5289,1046,5.1,34,14,317,365,590,3767,26,20,6.1,206,428,1522,8,3.6,85,90,725,26,30.5,16.3,-148.58,"AFC","North","No","No",6.01570118179966,-2.01570118179966
2010,"Indianapolis Colts",10,6,0.625,435,388,47,2.9,16,6092,1088,5.6,25,8,366,450,679,4609,33,17,6.6,253,393,1483,13,3.8,87,79,709,26,40.2,13.4,28.65,"AFC","South","Yes","No",9.38623466132829,0.613765338671707
2010,"Jacksonville Jaguars",8,8,0.5,353,419,-66,-4.1,16,5460,1019,5.4,33,12,330,291,469,3065,26,21,6,161,512,2395,14,4.7,148,83,675,21,35,16.9,-35.27,"AFC","South","No","No",6.2241092483497,1.7758907516503
2010,"Houston Texans",6,10,0.375,390,427,-37,-2.3,16,6186,1029,6,18,6,360,365,574,4144,24,12,6.8,222,423,2042,20,4.8,118,90,690,20,39.7,10.1,53.17,"AFC","South","No","No",7.04333765678125,-1.04333765678125
2010,"Tennessee Titans",6,10,0.375,356,339,17,1.1,16,4834,907,5.3,29,14,252,273,474,3107,24,15,6.2,155,406,1727,13,4.3,73,128,1040,24,33.2,14.7,-71.69,"AFC","South","No","No",8.51907991668096,-2.51907991668096
2010,"Kansas City Chiefs",10,6,0.625,366,326,40,2.5,16,5595,1063,5.3,14,6,319,274,475,2968,27,8,5.9,167,556,2627,13,4.7,129,90,771,23,31.3,6.8,-93.85,"AFC","West","Yes","No",9.15946576244177,0.840534237558229
2010,"Los Angeles Chargers",9,7,0.563,441,322,119,7.4,16,6329,1039,6.1,29,16,357,359,544,4519,30,13,7.8,236,457,1810,18,4,94,84,677,27,40.3,14.5,27.47,"AFC","West","No","No",11.3786942375088,-2.37869423750877
2010,"Las Vegas Raiders",8,8,0.5,410,371,39,2.4,16,5674,1039,5.5,26,10,306,279,491,3180,18,16,5.9,159,504,2494,19,4.9,113,148,1276,34,34.5,11.8,-110.8,"AFC","West","No","No",9.15309288888225,-1.15309288888225
2010,"Denver Broncos",4,12,0.25,344,471,-127,-7.9,16,5582,1018,5.5,27,15,309,334,580,4038,25,12,6.5,204,398,1544,13,3.9,81,98,944,24,30.6,11.7,-125.44,"AFC","West","No","No",4.53416076432001,-0.534160764320006
2010,"Philadelphia Eagles",10,6,0.625,439,377,62,3.9,16,6230,1038,6,25,12,322,348,561,3906,28,13,6.4,189,428,2324,18,5.4,116,129,1101,17,39.8,11.7,-11,"NFC","East","Yes","No",9.8026591508113,0.197340849188702
2010,"New York Giants",10,6,0.625,394,347,47,2.9,16,6085,1035,5.9,42,17,331,339,539,3885,31,25,7,192,480,2200,17,4.6,112,92,777,27,32.4,20.3,-49.21,"NFC","East","No","No",9.36642428959682,0.633575710403177
2010,"Dallas Cowboys",6,10,0.375,394,436,-42,-2.6,16,5828,1035,5.6,30,11,327,379,576,4042,29,19,6.7,201,428,1786,10,4.2,104,109,863,22,34.6,14.8,-108.16,"NFC","East","No","No",6.90710645254467,-0.907106452544669
2010,"Washington Commanders",6,10,0.375,302,377,-75,-4.7,16,5374,1002,5.4,31,12,295,349,605,3913,21,19,6,194,351,1461,9,4.2,72,90,647,29,26.3,14.6,-134.87,"NFC","East","No","No",5.95077201646113,0.0492279835388709
2010,"Chicago Bears",11,5,0.688,334,286,48,3,16,4631,936,4.9,31,10,263,276,466,3015,23,21,5.8,163,414,1616,10,3.9,76,91,768,24,29.3,15.7,-227.26,"NFC","North","Yes","No",9.36506628638309,1.63493371361691
2010,"Green Bay Packers",10,6,0.625,388,240,148,9.3,16,5730,1000,5.7,22,9,312,352,541,4124,31,13,7.1,204,421,1606,11,3.8,88,78,617,20,35,10.9,-45.71,"NFC","North","Yes","No",12.1544364640908,-2.15443646409076
2010,"Detroit Lions",6,10,0.375,362,369,-7,-0.4,16,5423,1064,5.1,25,9,304,383,633,3810,26,16,5.8,199,404,1613,11,4,83,136,1018,22,32.1,12.4,-105.43,"NFC","North","No","No",7.85879216300743,-1.85879216300743
2010,"Minnesota Vikings",6,10,0.375,281,348,-67,-4.2,16,5039,982,5.1,37,11,289,305,505,3097,14,26,5.7,159,441,1942,16,4.4,104,100,769,26,24.9,19,-126.19,"NFC","North","No","No",6.16168751818407,-0.161687518184066
2010,"Atlanta Falcons",13,3,0.813,414,288,126,7.9,16,5458,1097,5,17,8,353,361,577,3567,28,9,5.9,200,497,1891,14,3.8,111,58,598,42,39.3,9,-39.55,"NFC","South","Yes","No",11.5590778757558,1.44092212424424
2010,"New Orleans Saints",11,5,0.688,384,307,77,4.8,16,5960,1067,5.6,31,9,351,450,661,4441,33,22,6.5,236,380,1519,9,4,94,90,884,21,38.5,16.7,-53.15,"NFC","South","Yes","Yes",10.1905760321929,0.809423967807083
2010,"Tampa Bay Buccaneers",10,6,0.625,341,318,23,1.4,16,5362,955,5.6,19,13,288,306,494,3361,26,6,6.4,172,431,2001,9,4.6,97,100,837,19,33.7,9.3,-94.23,"NFC","South","No","No",8.67762892782191,1.32237107217809
2010,"Carolina Panthers",2,14,0.125,196,408,-212,-13.3,16,4135,962,4.3,37,16,225,256,484,2289,9,21,4.3,125,428,1846,7,4.3,78,106,918,22,20.8,17.8,-280.1,"NFC","South","No","No",2.11386345585915,-0.113863455859151
2010,"Seattle Seahawks",7,9,0.438,310,407,-97,-6.1,16,4765,964,4.9,31,11,260,324,544,3341,14,20,5.8,159,385,1424,13,3.7,81,101,890,20,26.5,14.8,-197.05,"NFC","West","No","No",5.34671619175622,1.65328380824378
2010,"Los Angeles Rams",7,9,0.438,289,328,-39,-2.4,16,4846,1053,4.6,21,6,292,354,590,3268,18,15,5.2,179,429,1578,9,3.7,84,102,877,29,30.2,9.5,-203.89,"NFC","West","No","No",6.93927092777811,0.0607290722218874
2010,"San Francisco 49ers",6,10,0.375,305,346,-41,-2.6,16,5013,945,5.3,23,8,251,282,500,3356,19,15,6.2,149,401,1657,10,4.1,85,112,933,17,26.8,11.1,-95.38,"NFC","West","No","No",6.89173623517941,-0.891736235179412
2010,"Arizona Cardinals",5,11,0.313,289,434,-145,-9.1,16,4309,931,4.6,35,16,241,285,561,2921,10,19,4.8,154,320,1388,9,4.3,67,108,870,20,23.7,15.8,-215.39,"NFC","West","No","No",4.01019575106431,0.989804248935689
2011,"New England Patriots",13,3,0.813,513,342,171,10.7,16,6848,1082,6.3,17,5,399,402,612,5084,39,12,7.9,262,438,1764,18,4,107,87,815,30,47.2,8.3,99.08,"AFC","East","Yes","No",12.8503879866593,0.149612013340652
2011,"New York Jets",8,8,0.5,377,363,14,0.9,16,4989,1030,4.8,34,16,301,310,547,3297,26,18,5.6,173,443,1692,14,3.8,92,102,849,36,29.6,13.8,-156.9,"AFC","East","No","No",8.44632833838793,-0.446328338387925
2011,"Miami Dolphins",6,10,0.375,329,313,16,1,16,5078,990,5.1,25,12,287,280,469,3091,20,13,5.9,166,469,1987,11,4.2,89,85,779,32,32.8,12.8,-126.5,"AFC","East","No","No",8.47840127744011,-2.47840127744011
2011,"Buffalo Bills",6,10,0.375,372,434,-62,-3.9,16,5624,992,5.7,30,5,313,356,578,3703,24,25,6.2,180,391,1921,12,4.9,100,86,743,33,31.2,15.9,-104.05,"AFC","East","No","No",6.34382080326186,-0.343820803261858
2011,"Baltimore Ravens",12,4,0.75,378,266,112,7,16,5419,1036,5.2,24,12,312,314,544,3423,21,12,5.9,181,459,1996,15,4.3,98,92,742,33,35.5,11.8,-72.94,"AFC","North","Yes","No",11.1548244174122,0.84517558258778
2011,"Pittsburgh Steelers",12,4,0.75,325,227,98,6.1,16,5957,1015,5.9,28,13,341,341,539,4054,21,15,7,221,434,1903,13,4.4,96,101,854,24,33.9,16.7,-91.67,"AFC","North","Yes","No",10.7423569024971,1.2576430975029
2011,"Cincinnati Bengals",9,7,0.563,344,323,21,1.3,16,5118,1015,5,22,8,285,308,535,3340,21,14,6,160,455,1778,10,3.9,93,99,874,32,32.5,9.6,-104.83,"AFC","North","No","No",8.62381289784494,0.376187102155063
2011,"Cleveland Browns",4,12,0.25,218,307,-89,-5.6,16,4621,1024,4.5,19,6,278,320,570,3090,16,13,5.1,173,415,1531,4,3.7,77,95,847,28,24.4,10,-180.18,"AFC","North","No","No",5.52332592779783,-1.52332592779783
2011,"Houston Texans",10,6,0.625,381,278,103,6.4,16,5954,1046,5.7,20,11,321,288,467,3506,20,9,7,176,546,2448,18,4.5,131,99,852,14,37.2,10.5,-63.12,"AFC","South","Yes","No",10.9075788946334,-0.90757889463339
2011,"Tennessee Titans",9,7,0.563,325,317,8,0.5,16,5361,984,5.4,22,8,281,353,584,3923,22,14,6.5,185,376,1438,8,3.8,71,104,960,25,31.4,11.7,-77.3,"AFC","South","No","No",8.25540628075897,0.744593719241035
2011,"Jacksonville Jaguars",5,11,0.313,243,329,-86,-5.4,16,4149,1002,4.1,23,8,251,240,469,2179,12,15,4.2,122,489,1970,9,4,103,77,680,26,22.7,11.3,-229.23,"AFC","South","No","No",5.61830377681398,-0.618303776813977
2011,"Indianapolis Colts",2,14,0.125,243,430,-187,-11.7,16,4589,951,4.8,29,15,258,302,534,2995,14,14,5.3,170,382,1594,8,4.2,69,76,549,19,24.2,15.6,-156.99,"AFC","South","No","No",2.82739252353007,-0.827392523530072
2011,"Denver Broncos",8,8,0.5,309,390,-81,-5.1,16,5066,1017,5,30,17,286,217,429,2434,20,13,5.2,130,546,2632,11,4.8,129,101,843,27,24.5,14.2,-154.77,"AFC","West","Yes","No",5.78835756693356,2.21164243306644
2011,"Los Angeles Chargers",8,8,0.5,406,377,29,1.8,16,6290,1048,6,28,8,359,366,582,4426,27,20,7.2,234,436,1864,16,4.3,97,91,753,28,41.3,16.3,-30.34,"AFC","West","No","No",8.87483232282914,-0.874832322829139
2011,"Las Vegas Raiders",8,8,0.5,359,433,-74,-4.6,16,6072,1015,6,30,7,328,315,524,3962,20,23,7.2,186,466,2110,16,4.5,110,163,1358,32,34.7,15.5,-151.03,"AFC","West","No","No",6.00594604965184,1.99405395034816
2011,"Kansas City Chiefs",7,9,0.438,212,338,-126,-7.9,16,4973,1021,4.9,28,10,277,299,500,3080,13,18,5.8,163,487,1893,5,3.9,89,110,916,25,22.2,12.7,-185.47,"AFC","West","No","No",4.49801381562662,2.50198618437338
2011,"New York Giants",9,7,0.563,394,400,-6,-0.4,16,6161,1028,6,24,8,331,359,589,4734,29,16,7.7,216,411,1427,17,3.5,84,94,795,31,32.5,11.5,-45.79,"NFC","East","Yes","No",7.90188670123992,1.09811329876008
2011,"Philadelphia Eagles",8,8,0.5,396,328,68,4.3,16,6386,1036,6.2,38,13,356,330,554,4110,22,25,7,197,450,2276,20,5.1,134,107,853,25,34.7,17.9,-37.96,"NFC","East","No","No",9.94767912759905,-1.94767912759905
2011,"Dallas Cowboys",8,8,0.5,369,347,22,1.4,16,6008,1017,5.9,21,9,327,376,570,4201,33,12,6.9,219,408,1807,5,4.4,91,114,816,17,37.8,11.4,-45.46,"NFC","East","No","No",8.66352517748913,-0.663525177489129
2011,"Washington Commanders",5,11,0.313,288,367,-79,-4.9,16,5387,1032,5.2,35,11,312,346,591,3773,19,24,6,204,400,1614,8,4,79,91,897,29,30.9,18.6,-194.94,"NFC","East","No","No",5.83347636054061,-0.833476360540614
2011,"Green Bay Packers",15,1,0.938,560,359,201,12.6,16,6482,988,6.6,14,6,353,376,552,4924,51,8,8.3,230,395,1558,12,3.9,89,76,591,34,48.3,6.1,92.5,"NFC","North","Yes","Yes",13.7020809777602,1.29791902223984
2011,"Detroit Lions",10,6,0.625,474,387,87,5.4,16,6337,1058,6,23,7,349,423,666,4814,41,16,6.9,244,356,1523,9,4.3,71,128,1075,34,37.6,10.7,33.96,"NFC","North","Yes","No",10.5103900609023,-0.510390060902274
2011,"Chicago Bears",8,8,0.5,353,341,12,0.8,16,5026,978,5.1,29,9,271,268,473,3011,18,20,5.8,153,456,2015,10,4.4,97,104,800,21,28.6,14.6,-192.92,"NFC","North","No","No",8.37946645385608,-0.379466453856082
2011,"Minnesota Vikings",3,13,0.188,340,449,-109,-6.8,16,5275,1007,5.2,26,9,297,286,510,2957,20,17,5.3,159,448,2318,18,5.2,118,109,908,20,31.7,13.2,-77.5,"NFC","North","No","No",5.02961816947432,-2.02961816947432
2011,"New Orleans Saints",13,3,0.813,547,339,208,13,16,7474,1117,6.7,19,5,416,472,662,5347,46,14,7.8,280,431,2127,16,4.9,116,99,851,20,51.4,10.9,165.64,"NFC","South","Yes","No",13.8892291331837,-0.889229133183747
2011,"Atlanta Falcons",10,6,0.625,402,350,52,3.3,16,6026,1073,5.6,21,8,349,365,594,4192,29,13,6.8,215,453,1834,14,4,100,93,769,34,37.4,10.7,-22.37,"NFC","South","Yes","No",9.50845365141335,0.491546348586651
2011,"Carolina Panthers",6,10,0.375,406,429,-23,-1.4,16,6237,999,6.2,23,6,345,312,519,3829,21,17,6.9,175,445,2408,26,5.4,139,113,1013,31,38.5,12.8,39.94,"NFC","South","No","No",7.43792751915822,-1.43792751915822
2011,"Tampa Bay Buccaneers",4,12,0.25,287,494,-207,-12.9,16,5108,966,5.3,40,16,277,365,588,3650,17,24,5.9,180,346,1458,9,4.2,74,123,1007,23,28.7,20.4,-185.87,"NFC","South","No","No",2.29599674093694,1.70400325906306
2011,"San Francisco 49ers",13,3,0.813,380,229,151,9.4,16,4974,993,5,10,5,282,277,451,2930,18,5,5.9,150,498,2044,14,4.1,101,113,1014,31,39.6,5.2,-152.56,"NFC","West","Yes","No",12.2334693797621,0.766530620237932
2011,"Arizona Cardinals",8,8,0.5,312,348,-36,-2.3,16,5192,993,5.2,32,9,286,307,550,3567,21,23,5.9,175,389,1625,12,4.2,83,106,1004,28,26.1,15.6,-98.26,"NFC","West","No","No",7.03328241719761,0.966717582802393
2011,"Seattle Seahawks",7,9,0.438,321,315,6,0.4,16,4861,1003,4.8,23,9,265,299,509,3105,15,14,5.6,153,444,1756,15,4,89,138,1047,23,27.8,11.6,-137.47,"NFC","West","No","No",8.19820799219369,-1.19820799219369
2011,"Los Angeles Rams",2,14,0.125,193,407,-214,-13.4,16,4537,1013,4.5,23,13,267,292,549,2870,9,10,4.8,159,409,1667,7,4.1,79,112,899,29,18.9,11.2,-237.06,"NFC","West","No","No",2.05714834709221,-0.0571483470922067
2012,"New England Patriots",12,4,0.75,557,331,226,NA,16,6846,1191,5.7,16,7,444,402,641,4662,34,9,7,256,523,2184,25,4.2,151,97,840,37,48.1,8.1,118.97,"AFC","East","Yes","No",14.3914510555147,-2.39145105551466
2012,"Miami Dolphins",7,9,0.438,288,317,-29,NA,16,4984,981,5.1,26,13,288,293,504,3182,13,13,5.9,158,440,1802,15,4.1,93,82,724,37,27.4,12.9,-88.66,"AFC","East","No","No",7.21511559483958,-0.215115594839578
2012,"New York Jets",6,10,0.375,281,375,-94,NA,16,4787,1034,4.6,37,18,299,272,493,2891,14,19,5.4,162,494,1896,12,3.8,102,83,708,35,24.2,17.5,-166.55,"AFC","East","No","No",5.41560233166263,0.584397668337374
2012,"Buffalo Bills",6,10,0.375,344,435,-91,NA,16,5486,983,5.6,34,17,301,309,511,3269,24,17,6,176,442,2217,12,5,103,104,871,22,30,17.4,-100.38,"AFC","East","No","No",5.52894101301526,0.47105898698474
2012,"Baltimore Ravens",10,6,0.625,398,344,54,NA,16,5640,1042,5.4,16,5,314,334,560,3739,22,11,6.3,182,444,1901,17,4.3,98,121,1127,34,35.8,7.8,22.03,"AFC","North","Yes","No",9.56178650159199,0.438213498408007
2012,"Cincinnati Bengals",10,6,0.625,391,320,71,NA,16,5323,1016,5.2,26,10,292,335,540,3578,28,16,6.1,173,430,1745,11,4.1,95,99,857,24,35.4,12.8,-90.48,"AFC","North","Yes","No",10.0281615826653,-0.0281615826653407
2012,"Pittsburgh Steelers",8,8,0.5,336,314,22,NA,16,5324,1023,5.2,30,16,307,354,574,3787,27,14,6.2,202,412,1537,8,3.7,80,92,938,25,33.9,15.6,-108.05,"AFC","North","No","No",8.64758024414429,-0.647580244144288
2012,"Cleveland Browns",5,11,0.313,302,368,-66,NA,16,5028,998,5,26,8,279,328,566,3435,16,18,5.7,185,396,1593,12,4,71,113,1005,23,29.8,12,-139.68,"AFC","North","No","No",6.19946707863494,-1.19946707863494
2012,"Houston Texans",12,4,0.75,416,331,85,NA,16,5953,1090,5.5,17,4,341,354,554,3830,22,13,6.6,205,508,2123,19,4.2,114,108,873,22,35.6,8.4,-20.08,"AFC","South","Yes","No",10.4271000632273,1.57289993677274
2012,"Indianapolis Colts",11,5,0.688,357,387,-30,NA,16,5799,1109,5.2,27,9,360,339,628,4128,23,18,6.2,208,440,1671,11,3.8,110,94,801,42,33.3,13.9,-73.11,"AFC","South","Yes","No",7.22082221623826,3.77917778376174
2012,"Tennessee Titans",6,10,0.375,330,471,-141,NA,16,5010,957,5.2,28,12,260,318,540,3323,17,16,5.7,166,378,1687,10,4.5,70,106,847,24,27.7,14.9,-109.54,"AFC","South","No","No",4.1405372615397,1.8594627384603
2012,"Jacksonville Jaguars",2,14,0.125,255,444,-189,NA,16,4788,994,4.8,26,9,269,328,586,3419,20,17,5.4,157,358,1369,5,3.8,76,101,955,36,25.5,12.8,-192.09,"AFC","South","No","No",2.77792511173806,-0.777925111738056
2012,"Denver Broncos",13,3,0.813,481,289,192,NA,16,6366,1090,5.8,25,14,380,402,588,4534,37,11,7.4,232,481,1832,12,3.8,112,100,805,36,39.9,12.2,54.27,"AFC","West","Yes","No",13.4152147115184,-0.415214711518395
2012,"Los Angeles Chargers",7,9,0.438,350,350,0,NA,16,4756,988,4.8,26,11,293,338,528,3295,26,15,5.7,184,411,1461,4,3.6,81,103,796,28,30.6,13.9,-125.47,"AFC","West","No","No",8.04642349822934,-1.04642349822934
2012,"Las Vegas Raiders",4,12,0.25,290,443,-153,NA,16,5504,1032,5.3,26,10,300,376,629,4084,24,16,6.2,200,376,1420,4,3.8,72,108,939,28,31.4,12.8,-118.39,"AFC","West","No","No",3.78961665337481,0.210383346625192
2012,"Kansas City Chiefs",2,14,0.125,211,425,-214,NA,16,5108,1015,5,37,17,286,273,475,2713,8,20,5.3,144,500,2395,9,4.8,118,92,733,24,24.2,18.8,-203.56,"AFC","West","No","No",2.06584558346212,-0.0658455834621181
2012,"Washington Commanders",10,6,0.625,436,388,48,NA,16,6131,994,6.2,14,6,341,291,442,3422,24,8,7.2,171,519,2709,22,5.2,144,116,985,26,39.3,7.7,-16.5,"NFC","East","Yes","No",9.4143506258126,0.585649374187399
2012,"New York Giants",9,7,0.563,429,344,85,NA,16,5687,968,5.9,21,6,327,323,539,3825,26,15,6.8,187,409,1862,18,4.6,103,72,578,37,43.8,11.9,-14.71,"NFC","East","No","Yes",10.4333814006055,-1.43338140060553
2012,"Dallas Cowboys",8,8,0.5,376,400,-24,NA,16,5994,1049,5.7,29,10,338,434,658,4729,29,19,6.8,237,355,1265,8,3.6,76,117,853,25,36.7,15,-39.11,"NFC","East","No","No",7.39579934052238,0.604200659477618
2012,"Philadelphia Eagles",4,12,0.25,280,444,-164,NA,16,5665,1079,5.3,37,22,332,367,618,3791,18,15,5.7,190,413,1874,10,4.5,111,98,813,31,29.9,17.9,-174.47,"NFC","East","No","No",3.48082422384575,0.51917577615425
2012,"Green Bay Packers",11,5,0.688,433,336,97,NA,16,5751,1042,5.5,16,8,341,374,558,4049,40,8,6.6,213,433,1702,9,3.9,85,103,923,43,37.6,8.1,25.77,"NFC","North","Yes","No",10.7669075360306,0.233092463969399
2012,"Minnesota Vikings",10,6,0.625,379,348,31,NA,16,5385,1001,5.4,23,11,306,300,483,2751,18,12,5.3,163,486,2634,16,5.4,113,90,830,30,37.9,12.6,-59.9,"NFC","North","Yes","No",8.91705203764623,1.08294796235377
2012,"Chicago Bears",10,6,0.625,375,277,98,NA,16,4969,999,5,24,8,292,287,485,2999,21,16,5.7,163,470,1970,11,4.2,99,102,811,30,30.3,11.8,-115.17,"NFC","North","No","No",10.7665158924135,-0.766515892413523
2012,"Detroit Lions",4,12,0.25,372,437,-65,NA,16,6540,1160,5.6,33,16,382,445,740,4927,22,17,6.4,272,391,1613,17,4.1,84,103,944,26,36,15.2,-59.66,"NFC","North","No","No",6.26092244920392,-2.26092244920392
2012,"Atlanta Falcons",13,3,0.813,419,299,120,NA,16,5906,1021,5.8,18,4,343,422,615,4509,32,14,7,247,378,1397,12,3.7,70,55,415,26,44,10.3,-18.12,"NFC","South","Yes","No",11.3956970666315,1.60430293336848
2012,"Carolina Panthers",7,9,0.438,357,363,-6,NA,16,5771,988,5.8,22,10,328,284,490,3683,19,12,7,171,462,2088,21,4.5,123,98,835,34,32.6,10.3,2.08,"NFC","South","No","No",7.88400904870177,-0.884009048701767
2012,"New Orleans Saints",7,9,0.438,461,454,7,NA,16,6574,1067,6.2,24,5,352,423,671,4997,43,19,7.2,267,370,1577,10,4.3,64,104,911,21,37.4,12.1,74.33,"NFC","South","No","No",8.29348594864566,-1.29348594864566
2012,"Tampa Bay Buccaneers",7,9,0.438,389,394,-5,NA,16,5820,1008,5.8,23,6,301,311,566,3983,27,17,6.7,188,416,1837,13,4.4,89,101,819,24,35.2,10.9,-32.9,"NFC","South","No","No",7.92710358693426,-0.927103586934262
2012,"San Francisco 49ers",11,4,0.719,397,273,124,NA,16,5789,969,6,16,8,322,289,436,3298,23,8,6.9,172,492,2491,17,5.1,128,109,960,22,39.3,7.9,-15.31,"NFC","West","Yes","No",11.4955982498122,-0.495598249812213
2012,"Seattle Seahawks",11,5,0.688,412,245,167,NA,16,5610,974,5.8,18,8,311,259,405,3031,27,10,6.9,153,536,2579,16,4.8,129,110,890,29,39.4,10,9.07,"NFC","West","Yes","No",12.6910556882842,-1.69105568828425
2012,"Los Angeles Rams",7,8,0.469,299,348,-49,NA,16,5264,1002,5.3,22,8,287,332,557,3550,22,14,6,189,410,1714,5,4.2,79,130,978,19,27.5,11,-136.28,"NFC","West","No","No",6.66777487890161,0.332225121098394
2012,"Arizona Cardinals",5,11,0.313,250,357,-107,NA,16,4209,1018,4.1,34,13,246,337,608,3005,11,21,4.5,168,352,1204,10,3.4,58,102,857,20,22,14.8,-297.04,"NFC","West","No","No",5.04139755699671,-0.0413975569967118
2013,"New England Patriots",12,4,0.75,444,338,106,NA,16,6152,1138,5.4,20,9,378,380,628,4087,25,11,6.1,225,470,2065,19,4.4,110,69,625,43,40.8,10,100.43,"AFC","East","Yes","No",11.020917575986,0.979082424013976
2013,"New York Jets",8,8,0.5,290,387,-97,NA,16,5090,1020,5,29,7,280,266,480,2932,13,22,5.6,154,493,2158,12,4.4,105,108,837,21,29.6,14.8,-94.9,"AFC","East","No","No",5.33705259578965,2.66294740421035
2013,"Miami Dolphins",8,8,0.5,317,335,-18,NA,16,5007,1001,5,26,7,278,357,594,3567,24,19,5.5,205,349,1440,8,4.1,61,70,598,12,29.9,13.4,-18.67,"AFC","East","No","No",7.53308844053688,0.466911559463123
2013,"Buffalo Bills",6,10,0.375,339,388,-49,NA,16,5410,1116,4.8,27,12,301,299,522,3103,16,15,5.4,149,546,2307,15,4.2,113,110,954,39,29.9,12.1,-59.11,"AFC","East","No","No",6.68710207083475,-0.687102070834746
2013,"Cincinnati Bengals",11,5,0.688,430,305,125,NA,16,5891,1097,5.4,30,10,330,364,587,4136,33,20,6.7,205,481,1755,14,3.6,101,102,1000,24,32.3,14.9,33.5,"AFC","North","Yes","No",11.539175967843,-0.539175967843033
2013,"Pittsburgh Steelers",8,8,0.5,379,370,9,NA,16,5400,1023,5.3,24,10,312,377,586,4017,28,14,6.4,207,394,1383,9,3.5,81,80,677,24,35.4,12.7,26.81,"AFC","North","No","No",8.30913077455468,-0.309130774554685
2013,"Baltimore Ravens",8,8,0.5,320,352,-32,NA,16,4918,1090,4.5,29,6,295,363,619,3590,19,23,5.4,189,423,1328,7,3.1,68,112,942,38,30.9,13.5,-95.39,"AFC","North","No","Yes",7.14767899432815,0.852321005671849
2013,"Cleveland Browns",4,12,0.25,308,406,-98,NA,16,5423,1078,5,29,9,301,379,681,4040,26,20,5.5,200,348,1383,4,4,77,104,920,24,26.2,13.8,-83.4,"AFC","North","No","No",5.31811704747358,-1.31811704747358
2013,"Indianapolis Colts",11,5,0.688,391,336,55,NA,16,5468,1023,5.3,14,4,318,350,582,3725,23,10,6.1,191,409,1743,15,4.3,88,66,576,39,38.8,6.9,98,"AFC","South","Yes","No",9.58603702768967,1.41396297231033
2013,"Tennessee Titans",7,9,0.438,362,381,-19,NA,16,5390,1032,5.2,25,9,311,328,533,3496,22,16,6.1,172,462,1894,16,4.1,103,101,900,36,34.2,11.4,46.52,"AFC","South","No","No",7.52719874677568,-0.52719874677568
2013,"Jacksonville Jaguars",4,12,0.25,247,449,-202,NA,16,4701,1020,4.6,27,6,271,349,592,3441,16,21,5.4,176,378,1260,7,3.3,71,96,797,24,23.6,13.8,-130.11,"AFC","South","No","No",2.4148334724337,1.5851665275663
2013,"Houston Texans",2,14,0.125,276,428,-152,NA,16,5556,1089,5.1,31,9,307,371,633,3813,19,22,5.6,198,414,1743,7,4.2,90,112,1138,19,25.9,14.9,-85.06,"AFC","South","No","No",3.81048492088419,-1.81048492088419
2013,"Denver Broncos",13,3,0.813,606,399,207,NA,16,7317,1156,6.3,26,16,435,461,675,5444,55,10,7.8,293,461,1873,16,4.1,107,117,1000,35,47.5,10.4,277.21,"AFC","West","Yes","No",13.8901039565992,-0.890103956599152
2013,"Kansas City Chiefs",11,5,0.688,430,305,125,NA,16,5396,1029,5.2,18,10,323,333,546,3340,24,8,5.7,179,442,2056,17,4.7,110,101,774,34,32,9.1,38.85,"AFC","West","Yes","No",11.539175967843,-0.539175967843033
2013,"Los Angeles Chargers",9,7,0.563,396,348,48,NA,16,6293,1060,5.9,21,10,373,378,544,4328,32,11,7.5,230,486,1965,9,4,104,95,765,39,44.9,11.4,186.29,"AFC","West","Yes","No",9.39502343387946,-0.395023433879462
2013,"Las Vegas Raiders",4,12,0.25,322,453,-131,NA,16,5340,1000,5.3,31,11,275,298,519,3340,17,20,5.9,168,437,2000,16,4.6,90,116,912,17,27.8,14.9,-52.12,"AFC","West","No","No",4.41299967001286,-0.412999670012864
2013,"Philadelphia Eagles",10,6,0.625,442,382,60,NA,16,6676,1054,6.3,19,10,355,310,508,4110,32,9,7.4,197,500,2566,19,5.1,133,95,846,25,36.8,9,134.05,"NFC","East","Yes","No",9.74884312083432,0.251156879165677
2013,"Dallas Cowboys",8,8,0.5,439,432,7,NA,16,5458,957,5.7,20,8,325,375,586,3954,33,12,6.4,213,336,1504,12,4.5,80,102,867,32,39.9,9.8,88.89,"NFC","East","No","No",8.28285599308244,-0.282855993082437
2013,"New York Giants",7,9,0.438,294,383,-89,NA,16,4920,988,5,44,15,280,325,567,3588,18,29,5.9,176,381,1332,11,3.5,77,91,786,27,25.5,20.1,-106.96,"NFC","East","No","No",5.56004759247079,1.43995240752921
2013,"Washington Commanders",3,13,0.188,334,478,-144,NA,16,5915,1107,5.3,34,15,329,355,611,3751,20,19,5.7,198,453,2164,14,4.8,112,99,802,19,27.6,16.6,-42.64,"NFC","East","No","No",4.05957162667508,-1.05957162667508
2013,"Green Bay Packers",8,7,0.531,417,428,-11,NA,16,6404,1074,6,25,9,351,366,570,4268,25,16,6.9,201,459,2136,17,4.7,119,86,801,31,40.9,12.4,113.82,"NFC","North","Yes","No",7.77483591317158,0.225164086828418
2013,"Chicago Bears",8,8,0.5,445,478,-33,NA,16,6109,1013,6,23,10,344,373,579,4281,32,13,7,215,404,1828,13,4.5,102,85,708,27,39,12.1,75.28,"NFC","North","No","No",7.18044368443324,0.819556315566762
2013,"Detroit Lions",7,9,0.438,395,376,19,NA,16,6274,1102,5.7,34,15,350,371,634,4482,29,19,6.8,221,445,1792,15,4,106,110,925,23,32.1,17.3,25.59,"NFC","North","No","No",8.59318949818774,-1.59318949818774
2013,"Minnesota Vikings",5,10,0.344,391,480,-89,NA,16,5508,1013,5.4,32,13,309,325,546,3427,18,19,5.8,173,423,2081,23,4.9,106,70,695,30,34.4,14.9,24.52,"NFC","North","No","No",5.60691603290866,-0.60691603290866
2013,"Carolina Panthers",12,4,0.75,366,241,125,NA,16,5069,999,5.1,19,6,319,292,473,3043,24,13,5.9,169,483,2026,14,4.2,122,80,671,28,36.5,9.4,90.4,"NFC","South","Yes","No",11.50825246075,0.491747539249991
2013,"New Orleans Saints",11,5,0.688,414,304,110,NA,16,6391,1079,5.9,19,7,359,446,651,4918,39,12,7.1,244,391,1473,10,3.8,87,95,817,28,40.3,8.3,169.86,"NFC","South","Yes","No",11.1169533207801,-0.116953320780089
2013,"Atlanta Falcons",4,12,0.25,353,443,-90,NA,16,5490,1024,5.4,28,11,330,445,659,4243,26,17,6,227,321,1247,11,3.9,64,91,788,39,34.1,14.5,48.53,"NFC","South","No","No",5.5609224158862,-1.5609224158862
2013,"Tampa Bay Buccaneers",4,12,0.25,288,389,-101,NA,16,4432,981,4.5,21,9,269,291,514,2820,22,12,5,157,420,1612,6,3.8,75,121,1136,37,27.1,9.6,-79.47,"NFC","South","No","No",5.22555509744907,-1.22555509744907
2013,"Seattle Seahawks",13,3,0.813,417,231,186,NA,16,5424,973,5.6,19,10,307,267,420,3236,27,9,7,160,509,2188,14,4.3,116,128,1183,31,40.7,9.3,60.55,"NFC","West","Yes","No",13.2184944963095,-0.218494496309496
2013,"San Francisco 49ers",12,4,0.75,406,272,134,NA,16,5180,961,5.4,18,10,286,244,417,2979,21,8,6.5,148,505,2201,18,4.4,115,103,845,23,37.8,9,58.16,"NFC","West","Yes","No",11.776274714857,0.22372528514304
2013,"Arizona Cardinals",10,6,0.625,379,324,55,NA,16,5542,1037,5.3,31,9,329,363,574,4002,24,22,6.5,205,422,1540,12,3.6,84,96,744,40,33,15.5,-5.74,"NFC","West","No","No",9.58023887010973,0.419761129890269
2013,"Los Angeles Rams",7,9,0.438,348,364,-16,NA,16,4877,968,5,21,10,282,301,506,3125,22,11,5.8,165,426,1752,10,4.1,82,123,1009,35,31.5,11.4,-11.2,"NFC","West","No","No",7.60333258365702,-0.60333258365702
2014,"New England Patriots",12,4,0.75,468,313,155,NA,16,5848,1073,5.5,13,4,361,392,609,4121,34,9,6.5,228,438,1727,13,3.9,96,120,1080,37,45.3,7.2,181.12,"AFC","East","Yes","No",12.3865203407589,-0.386520340758892
2014,"Buffalo Bills",9,7,0.563,343,289,54,NA,16,5096,1020,5,23,10,273,363,579,3614,23,13,5.8,186,402,1482,7,3.7,65,124,1031,22,32.5,11.2,-43.33,"AFC","East","No","No",9.53521161268392,-0.535211612683923
2014,"Miami Dolphins",8,8,0.5,388,373,15,NA,16,5601,1040,5.4,23,11,361,394,595,3729,27,12,5.8,226,399,1872,12,4.7,99,81,635,36,37.6,10.5,74.78,"AFC","East","No","No",8.47927610085551,-0.479276100855515
2014,"New York Jets",4,12,0.25,283,401,-118,NA,16,5226,1052,5,24,9,289,287,498,2946,16,15,5.4,154,507,2280,11,4.5,112,109,932,23,31.7,11.8,-44.92,"AFC","East","No","No",4.75338185879578,-0.753381858795781
2014,"Pittsburgh Steelers",11,5,0.688,436,368,68,NA,16,6577,1068,6.2,21,11,379,411,612,4825,33,10,7.5,243,423,1752,10,4.1,98,103,834,38,41.4,11.5,156.58,"AFC","North","Yes","No",9.96700631953219,1.03299368046781
2014,"Cincinnati Bengals",10,5,0.656,365,344,21,NA,16,5568,1018,5.5,26,9,313,323,503,3421,20,17,6.5,164,492,2147,19,4.4,122,102,812,27,34,13.1,13.84,"AFC","North","Yes","No",8.63395967360984,1.36604032639016
2014,"Baltimore Ravens",10,6,0.625,409,302,107,NA,16,5838,1021,5.7,20,8,345,344,554,3819,27,12,6.7,194,448,2019,16,4.5,113,111,870,38,39.6,9.9,135.24,"AFC","North","Yes","No",11.0316390677305,-1.03163906773051
2014,"Cleveland Browns",7,9,0.438,299,337,-38,NA,16,5193,1010,5.1,23,7,294,274,502,3465,12,16,6.5,179,477,1728,17,3.6,88,116,932,27,28,10.9,-21.15,"AFC","North","No","No",6.97173551044738,0.0282644895526216
2014,"Indianapolis Colts",11,5,0.688,458,369,89,NA,16,6506,1105,5.9,31,15,371,410,661,4894,42,16,7.1,251,415,1612,9,3.9,80,105,848,40,39.5,14.6,83.73,"AFC","South","Yes","No",10.557924753501,0.442075246499021
2014,"Houston Texans",9,7,0.563,372,307,65,NA,16,5513,1062,5.2,22,9,313,295,485,3352,22,13,6.6,171,551,2161,12,3.9,108,94,834,34,33,11.3,13.01,"AFC","South","No","No",9.85318445838122,-0.853184458381223
2014,"Jacksonville Jaguars",3,13,0.188,249,412,-163,NA,16,4634,988,4.7,26,8,271,325,557,3001,15,18,4.8,154,360,1633,9,4.5,86,73,573,31,22.6,12.8,-120.53,"AFC","South","No","No",3.49347843478355,-0.493478434783545
2014,"Tennessee Titans",2,14,0.125,254,438,-184,NA,16,4859,919,5.3,26,10,258,299,513,3412,20,16,6.1,159,356,1447,6,4.1,75,111,961,24,23.6,12.6,-88.85,"AFC","South","No","No",2.91560585536962,-0.915605855369622
2014,"Denver Broncos",12,4,0.75,482,354,128,NA,16,6446,1067,6,20,5,360,399,607,4661,40,15,7.5,227,443,1785,15,4,98,120,1045,35,39.9,9.6,140.4,"AFC","West","Yes","No",11.6471996714141,0.352800328585944
2014,"Kansas City Chiefs",9,7,0.563,353,281,72,NA,16,5100,962,5.3,17,11,309,320,493,3182,18,6,5.9,184,420,1918,18,4.6,92,88,681,33,35.8,9.2,52.61,"AFC","West","No","No",10.0374335350148,-1.03743353501484
2014,"Los Angeles Chargers",9,7,0.563,348,348,0,NA,16,5465,1009,5.4,23,5,326,380,574,4098,31,18,6.7,214,398,1367,6,3.4,75,111,967,37,33.9,12.6,64.94,"AFC","West","No","No",8.04545713863269,0.954542861367312
2014,"Las Vegas Raiders",3,13,0.188,253,452,-199,NA,16,4515,994,4.5,29,13,248,365,629,3275,22,16,5,173,337,1240,4,3.7,56,116,939,19,22.7,13.6,-139.47,"AFC","West","No","No",2.50063090528161,0.499369094718395
2014,"Dallas Cowboys",12,4,0.75,467,352,115,NA,16,6138,1014,6.1,25,14,342,328,476,3784,37,11,7.5,205,508,2354,16,4.6,106,105,839,31,43.6,12.8,174.23,"NFC","East","Yes","No",11.2807257735214,0.719274226478605
2014,"Philadelphia Eagles",10,6,0.625,474,400,74,NA,16,6348,1127,5.6,36,15,356,384,621,4356,27,21,6.7,218,474,1992,16,4.2,109,115,995,29,36.9,17.2,35.17,"NFC","East","No","No",10.1511638599845,-0.151163859984544
2014,"New York Giants",6,10,0.375,380,400,-20,NA,16,5875,1086,5.4,28,14,336,383,607,4272,30,14,6.7,218,449,1603,13,3.6,83,101,896,35,34.7,12.4,40.61,"NFC","East","No","No",7.50826319845961,-1.50826319845961
2014,"Washington Commanders",4,12,0.25,301,438,-137,NA,16,5738,1006,5.7,31,13,318,364,547,4047,18,18,6.7,186,401,1691,15,4.2,88,120,1130,44,29.7,15.6,14.06,"NFC","East","No","No",4.23705618613209,-0.237056186132087
2014,"Green Bay Packers",12,4,0.75,486,348,138,NA,16,6178,1001,6.2,13,7,356,349,536,4261,38,6,7.5,222,435,1917,14,4.4,104,92,775,30,46.7,7.1,172.28,"NFC","North","Yes","No",11.9254602374672,0.0745397625328401
2014,"Detroit Lions",11,5,0.688,321,282,39,NA,16,5452,1045,5.2,20,8,310,365,604,4030,22,12,6.2,210,396,1422,11,3.6,72,118,989,28,32.4,9.5,50.59,"NFC","North","Yes","No",9.11008988683101,1.88991011316899
2014,"Minnesota Vikings",7,9,0.438,325,343,-18,NA,16,5048,981,5.1,20,2,288,322,517,3244,17,18,5.7,171,413,1804,12,4.4,90,100,836,27,31.8,10.8,6.55,"NFC","North","No","No",7.5369538789235,-0.536953878923504
2014,"Chicago Bears",5,11,0.313,319,442,-123,NA,16,5233,1005,5.2,29,10,322,396,609,3792,30,19,5.8,194,355,1441,8,4.1,91,113,997,37,27.8,16.1,-11.8,"NFC","North","No","No",4.63261240810571,0.367387591894289
2014,"Carolina Panthers",7,8,0.469,339,374,-35,NA,16,5547,1060,5.2,23,11,347,327,545,3511,23,12,6,199,473,2036,10,4.3,117,83,756,31,34.8,11.8,44.08,"NFC","South","Yes","No",7.07396105643845,-0.0739610564384545
2014,"New Orleans Saints",7,9,0.438,401,424,-23,NA,16,6582,1095,6,30,13,395,456,659,4764,33,17,6.9,258,406,1818,16,4.5,101,80,670,36,39.1,16.7,151.45,"NFC","South","No","No",7.43551162016658,-0.435511620166578
2014,"Atlanta Falcons",6,10,0.375,381,417,-36,NA,16,6051,1035,5.8,23,8,330,418,632,4553,28,15,6.9,233,372,1498,11,4,75,97,840,22,38.9,13.1,61.55,"NFC","South","No","No",7.06662182328227,-1.06662182328227
2014,"Tampa Bay Buccaneers",2,14,0.125,277,410,-133,NA,16,4672,936,5,33,13,263,301,531,3297,21,20,5.7,162,353,1375,7,3.9,72,118,939,29,26.7,17.2,-67.27,"NFC","South","No","No",4.33599100971612,-2.33599100971612
2014,"Seattle Seahawks",12,4,0.75,394,254,140,NA,16,6012,1021,5.9,14,7,328,287,454,3250,20,7,6.6,160,525,2762,20,5.3,144,130,1009,24,40.6,6.9,137.18,"NFC","West","Yes","Yes",11.9362732653929,0.0637267346071066
2014,"Arizona Cardinals",11,5,0.688,310,299,11,NA,16,5116,993,5.2,17,5,302,320,568,3808,21,12,6.4,191,397,1308,6,3.3,67,91,707,44,30.9,9.4,-9.8,"NFC","West","Yes","No",8.33105693784198,2.66894306215802
2014,"San Francisco 49ers",8,8,0.5,306,340,-34,NA,16,5239,1009,5.2,22,12,303,292,487,3063,20,10,5.7,165,470,2176,10,4.6,104,116,937,34,30.9,11.8,13.79,"NFC","West","No","No",7.0856489077796,0.914351092220405
2014,"Los Angeles Rams",6,10,0.375,324,354,-30,NA,16,5035,957,5.3,27,11,288,327,515,3400,20,16,6,189,395,1635,11,4.1,79,123,1139,20,29.6,14,-44.13,"NFC","West","No","No",7.20487728289342,-1.20487728289342
2015,"New England Patriots",12,4,0.75,465,315,150,9.4,16,5991,1050,5.7,14,7,348,404,629,4587,36,7,6.9,230,383,1404,14,3.7,87,96,860,31,43.2,5.7,138.04,"AFC","East","Yes","Yes",12.246906877934,-0.246906877934013
2015,"New York Jets",10,6,0.625,387,314,73,4.6,16,5925,1074,5.5,24,8,329,362,604,4057,33,16,6.5,210,448,1868,11,4.2,99,96,787,20,35.7,11.6,72.26,"AFC","East","No","No",10.081494432844,-0.081494432843984
2015,"Buffalo Bills",8,8,0.5,379,359,20,1.3,16,5775,1016,5.7,19,10,297,295,465,3343,23,9,6.6,155,509,2432,19,4.8,122,143,1249,20,34.9,8.6,37.71,"AFC","East","No","No",8.61309140610046,-0.613091406100457
2015,"Miami Dolphins",6,10,0.375,310,389,-79,-4.9,16,5307,977,5.4,19,7,291,365,588,3811,24,12,6,194,344,1496,11,4.3,72,134,1090,25,25.7,9.6,-4.88,"AFC","East","No","No",5.84410631610384,0.155893683896157
2015,"Cincinnati Bengals",12,4,0.75,419,279,140,8.8,16,5728,1004,5.7,17,8,324,334,505,3923,31,9,7.3,191,467,1805,18,3.9,99,111,917,34,39.6,9.3,82.59,"AFC","North","Yes","No",11.9483527603511,0.0516472396488936
2015,"Pittsburgh Steelers",10,6,0.625,423,319,104,6.5,16,6327,1011,6.3,28,7,331,391,590,4603,26,21,7.4,207,388,1724,16,4.4,91,94,868,33,40.5,13.7,22.98,"AFC","North","Yes","No",10.9555052308492,-0.955505230849168
2015,"Baltimore Ravens",5,11,0.313,328,401,-73,-4.6,16,5749,1083,5.3,28,7,323,426,676,4271,21,21,6.1,211,383,1478,8,3.9,89,122,1153,23,33.3,14,-47.16,"AFC","North","No","No",6.01860026058963,-1.01860026058963
2015,"Cleveland Browns",3,13,0.188,278,432,-154,-9.6,16,5311,1042,5.1,30,18,307,371,609,3782,20,12,5.7,192,380,1529,5,4,81,120,1083,34,29.8,15.2,-66.22,"AFC","North","No","No",3.75618571110888,-0.756185711108885
2015,"Houston Texans",9,7,0.563,339,313,26,1.6,16,5564,1127,4.9,20,8,335,358,619,3833,29,12,5.9,210,472,1731,7,3.7,90,107,910,35,28.9,9.8,-38.02,"AFC","South","Yes","No",8.75956092228319,0.240439077716811
2015,"Indianapolis Colts",8,8,0.5,333,408,-75,-4.7,16,5142,1052,4.9,30,11,311,355,619,3704,26,19,5.6,195,396,1438,6,3.6,77,108,931,39,29.4,14.4,-51.38,"AFC","South","No","No",5.96575059020931,2.03424940979069
2015,"Jacksonville Jaguars",5,11,0.313,376,448,-72,-4.5,16,5581,1012,5.5,28,10,313,355,607,4108,35,18,6.2,215,354,1473,5,4.2,69,105,880,29,34.2,14,-28.13,"AFC","South","No","No",6.06942567559538,-1.06942567559538
2015,"Tennessee Titans",3,13,0.188,299,423,-124,-7.8,16,4988,976,5.1,33,16,298,342,551,3503,25,17,5.8,195,371,1485,10,4,66,93,779,37,25.7,16.2,-89.79,"AFC","South","No","No",4.59531602745316,-1.59531602745316
2015,"Denver Broncos",12,4,0.75,355,296,59,3.7,16,5688,1056,5.4,31,8,314,368,606,3970,19,23,6.2,201,411,1718,13,4.2,85,115,1063,28,31.2,15.1,-50.98,"AFC","West","Yes","No",9.67917369369376,2.32082630630624
2015,"Kansas City Chiefs",11,5,0.688,405,287,118,7.4,16,5299,955,5.5,15,8,303,310,473,3255,20,7,6.3,155,436,2044,19,4.7,116,104,878,32,37.9,7.1,41.53,"AFC","West","Yes","No",11.333666980083,-0.333666980082965
2015,"Las Vegas Raiders",7,9,0.438,359,399,-40,-2.5,16,5336,1008,5.3,24,10,300,373,605,3879,34,14,6.1,193,370,1457,7,3.9,74,139,1102,33,31.8,10.3,4.72,"AFC","West","No","No",6.94546072897513,0.0545392710248684
2015,"Los Angeles Chargers",4,12,0.25,320,398,-78,-4.9,16,5949,1100,5.4,24,11,344,442,667,4591,30,13,6.5,230,393,1358,4,3.5,79,117,942,35,33.7,12.4,10.76,"AFC","West","No","No",5.8765708987731,-1.8765708987731
2015,"Washington Commanders",9,7,0.563,388,379,9,0.6,16,5661,1011,5.6,22,11,317,386,555,4095,30,11,7,208,429,1566,9,3.7,81,105,828,28,36.1,11.1,54.93,"NFC","East","Yes","No",8.31347939273964,0.686520607260361
2015,"Philadelphia Eagles",7,9,0.438,377,430,-53,-3.3,16,5830,1102,5.3,31,13,339,405,623,4087,23,18,6.2,193,442,1743,15,3.9,110,104,819,36,29.1,15.3,1.07,"NFC","East","No","No",6.59493176442732,0.405068235572685
2015,"New York Giants",6,10,0.375,420,442,-22,-1.4,16,5952,1053,5.7,21,7,331,392,623,4343,36,14,6.7,208,403,1609,5,4,77,102,777,46,38.2,11.3,31.24,"NFC","East","No","No",7.4723248210208,-1.4723248210208
2015,"Dallas Cowboys",4,12,0.25,275,374,-99,-6.2,16,5361,969,5.5,33,11,307,334,528,3471,16,22,6.2,175,408,1890,8,4.6,94,112,882,38,31.4,18,-51.92,"NFC","East","No","No",5.27453932944276,-1.27453932944276
2015,"Minnesota Vikings",11,5,0.688,365,302,63,3.9,16,5139,973,5.3,17,8,297,294,454,2928,14,9,5.9,153,474,2211,18,4.7,113,88,797,31,38.4,9.3,29.39,"NFC","North","Yes","No",9.79453663042097,1.20546336957903
2015,"Green Bay Packers",10,6,0.625,368,323,45,2.8,16,5353,1056,5.1,17,9,317,348,573,3503,31,8,5.7,173,436,1850,8,4.2,100,105,906,44,33.3,8.9,40.61,"NFC","North","Yes","No",9.29859604546832,0.701403954531676
2015,"Detroit Lions",7,9,0.438,358,400,-42,-2.6,16,5547,1030,5.4,24,10,337,420,632,4212,33,14,6.2,236,354,1335,7,3.8,71,104,930,30,34.6,12.3,31.8,"NFC","North","No","No",6.88971197980485,0.110288020195155
2015,"Chicago Bears",6,10,0.375,335,397,-62,-3.9,16,5514,1025,5.4,21,9,312,334,523,3660,21,12,6.6,177,468,1854,13,4,108,99,909,27,37.4,11.2,8.41,"NFC","North","No","No",6.3259431507237,-0.325943150723703
2015,"Carolina Panthers",15,1,0.938,500,308,192,12,16,5871,1060,5.5,19,9,357,300,501,3589,35,10,6.7,197,526,2282,19,4.3,136,103,887,24,42.9,9.6,115.28,"NFC","South","Yes","No",13.4243951276866,1.57560487231336
2015,"Atlanta Falcons",8,8,0.5,339,345,-6,-0.4,16,5985,1073,5.6,30,13,359,410,621,4379,21,17,6.7,230,420,1606,13,3.8,95,100,969,34,34.5,17.2,52.68,"NFC","South","No","No",7.87531181233185,0.124688187668147
2015,"New Orleans Saints",7,9,0.438,408,476,-68,-4.3,16,6461,1096,5.9,20,8,381,460,667,4970,32,12,7.1,247,397,1491,16,3.8,98,130,1112,36,36.3,10.4,146.68,"NFC","South","No","No",6.19541856788581,0.80458143211419
2015,"Tampa Bay Buccaneers",6,10,0.375,342,417,-75,-4.7,16,6014,1017,5.9,28,13,336,312,535,3852,22,15,6.9,201,455,2162,12,4.8,99,143,1195,36,35.8,14.8,40.62,"NFC","South","No","No",5.97009920839427,0.0299007916057281
2015,"Arizona Cardinals",13,3,0.813,489,313,176,11,16,6533,1041,6.3,24,11,373,353,562,4616,35,13,7.8,237,452,1917,16,4.2,92,94,758,44,42.5,11.8,148.43,"NFC","West","Yes","No",12.9769555949294,0.0230444050706424
2015,"Seattle Seahawks",10,6,0.625,423,277,146,9.1,16,6058,1035,5.9,16,8,335,333,489,3790,34,8,7.1,190,500,2268,10,4.5,128,117,1007,17,42,8.6,129.31,"NFC","West","Yes","No",12.1160821876603,-2.1160821876603
2015,"Los Angeles Rams",7,9,0.438,280,330,-50,-3.1,16,4761,920,5.2,22,11,241,273,473,2805,11,11,5.7,126,429,1956,16,4.6,92,122,1057,23,24.5,10.2,-87.66,"NFC","West","No","No",6.63096167804739,0.369038321952615
2015,"San Francisco 49ers",5,11,0.313,238,387,-149,-9.3,16,4860,969,5,17,5,261,322,526,3316,16,12,5.7,154,390,1544,7,4,83,113,823,24,25.8,8.2,-46.9,"NFC","West","No","No",3.87502244260564,1.12497755739436
2016,"New England Patriots",14,2,0.875,441,250,191,NA,16,6180,1056,5.9,11,9,351,368,550,4308,32,2,7.5,203,482,1872,19,3.9,109,93,819,39,42.9,4.9,113.38,"AFC","East","Yes","No",13.3682547348993,0.631745265100722
2016,"Miami Dolphins",10,6,0.625,363,380,-17,NA,16,5324,913,5.8,23,8,278,316,477,3500,27,15,6.9,167,406,1824,14,4.5,90,125,1142,21,30.7,11.1,-48.39,"AFC","East","Yes","No",7.58294749594597,2.41705250405403
2016,"Buffalo Bills",7,9,0.438,399,378,21,NA,16,5666,1012,5.6,12,5,328,286,474,3036,17,7,5.8,155,492,2630,29,5.3,146,112,960,27,36.7,6.8,60.85,"AFC","East","No","No",8.65038778675301,-1.65038778675301
2016,"New York Jets",5,11,0.313,275,409,-134,NA,16,5268,1003,5.3,34,9,291,311,550,3466,16,25,5.9,166,418,1802,10,4.3,97,93,837,28,29.7,17.8,-79.69,"AFC","East","No","No",4.30739186543348,0.692608134566515
2016,"Pittsburgh Steelers",11,5,0.688,399,327,72,NA,16,5962,1026,5.8,18,3,336,381,596,4202,33,15,6.8,210,409,1760,13,4.3,97,112,1068,29,38.5,9.9,-22.48,"AFC","North","Yes","No",10.0596598057379,0.940340194262053
2016,"Baltimore Ravens",8,8,0.5,343,321,22,NA,16,5563,1079,5.2,23,7,316,439,679,4100,20,16,5.8,205,367,1463,10,4,79,125,1111,32,35.6,10.5,-86.39,"AFC","North","No","No",8.65096250273259,-0.650962502732588
2016,"Cincinnati Bengals",6,9,0.406,325,315,10,NA,16,5711,1050,5.4,17,9,341,364,563,3942,18,8,6.5,204,446,1769,17,4,100,88,726,37,35.8,8.5,30.41,"AFC","North","No","No",8.31067185013092,-2.31067185013092
2016,"Cleveland Browns",1,15,0.063,264,452,-188,NA,16,4976,983,5.1,25,11,296,338,567,3264,15,14,5.2,181,350,1712,13,4.9,83,95,736,32,27.2,13.3,-72.41,"AFC","North","No","No",2.80990651460899,-1.80990651460899
2016,"Houston Texans",9,7,0.563,279,328,-49,NA,16,5035,1071,4.7,24,8,305,347,583,3176,15,16,5.2,173,456,1859,8,4.1,102,87,868,30,31.4,11.4,-102.3,"AFC","South","Yes","No",6.65811128293504,2.34188871706496
2016,"Tennessee Titans",9,7,0.563,381,378,3,NA,16,5728,1008,5.7,18,7,322,307,504,3541,29,11,6.7,175,476,2187,16,4.6,115,110,1012,32,36.4,9.8,-10,"AFC","South","No","No",8.14430042603547,0.855699573964534
2016,"Indianapolis Colts",8,8,0.5,411,392,19,NA,16,5830,1037,5.6,22,7,351,370,584,4202,32,15,6.7,220,409,1628,13,4,93,103,883,38,40.6,12.2,68.23,"AFC","South","No","No",8.60092037496099,-0.600920374960989
2016,"Jacksonville Jaguars",3,13,0.188,318,400,-82,NA,16,5359,1052,5.1,29,13,321,369,626,3728,24,16,5.6,207,392,1631,8,4.2,75,129,1187,39,31.4,13.6,-67.5,"AFC","South","No","No",5.76507340043253,-2.76507340043253
2016,"Kansas City Chiefs",12,4,0.75,389,311,78,NA,16,5488,990,5.5,17,9,305,365,546,3740,19,8,6.5,197,412,1748,15,4.2,86,109,848,22,37.1,9,-23.04,"AFC","West","Yes","No",10.2206247158705,1.77937528412946
2016,"Las Vegas Raiders",12,4,0.75,416,385,31,NA,16,5973,1048,5.7,14,7,333,379,596,4051,29,7,6.6,198,434,1922,17,4.4,98,147,1247,37,38.7,7.2,-24.48,"AFC","West","Yes","No",8.93492969018438,3.06507030981562
2016,"Denver Broncos",9,7,0.563,333,297,36,NA,16,5169,1020,5.1,25,14,290,339,570,3685,20,11,6,181,410,1484,11,3.6,76,119,985,33,30.3,11.6,-94.99,"AFC","West","No","Yes",9.03298969035301,-0.0329896903530109
2016,"Los Angeles Chargers",5,11,0.313,410,423,-13,NA,16,5708,1014,5.6,35,14,340,349,580,4198,33,21,6.8,214,398,1510,10,3.8,90,107,780,36,38.1,18.2,-29.1,"AFC","West","No","No",7.71618808521132,-2.71618808521132
2016,"Dallas Cowboys",13,3,0.813,421,306,115,NA,16,6027,1010,6,15,9,358,325,483,3631,25,6,7.1,191,499,2396,24,4.8,142,105,879,25,43.9,8.7,86.3,"NFC","East","Yes","No",11.2584995027983,1.74150049720171
2016,"New York Giants",11,5,0.688,310,284,26,NA,16,5291,1018,5.2,27,11,289,377,598,3879,26,16,6.3,190,398,1412,6,3.5,73,88,857,26,27.5,13,-74.19,"NFC","East","Yes","No",8.74554870813166,2.25445129186834
2016,"Washington Commanders",8,7,0.531,396,383,13,NA,16,6454,1009,6.4,21,9,345,407,607,4758,25,12,7.6,226,379,1696,17,4.5,89,110,909,30,43.4,11.4,105.24,"NFC","East","No","No",8.42787596987019,-0.427875969870188
2016,"Philadelphia Eagles",7,9,0.438,367,331,36,NA,16,5398,1080,5,20,6,333,380,609,3585,16,14,5.6,192,438,1813,16,4.1,114,113,945,27,37.6,11.2,-45.33,"NFC","East","No","No",9.04941780349618,-2.04941780349618
2016,"Green Bay Packers",10,6,0.625,432,388,44,NA,16,5900,1029,5.7,17,9,349,403,620,4199,40,8,6.4,222,374,1701,11,4.5,91,100,827,36,43.8,9.1,115.16,"NFC","North","Yes","No",9.30188676787537,0.698113232124628
2016,"Detroit Lions",9,7,0.563,346,358,-12,NA,16,5421,981,5.5,15,5,329,388,594,4111,24,10,6.5,217,350,1310,9,3.7,76,100,861,36,41,9,30.86,"NFC","North","Yes","No",7.71289736280428,1.28710263719572
2016,"Minnesota Vikings",8,8,0.5,327,307,20,NA,16,5041,1006,5,16,11,303,414,588,3836,20,5,6.1,209,380,1205,9,3.2,66,103,882,28,32.8,7.5,-60.91,"NFC","North","No","No",8.58796605658737,-0.587966056587375
2016,"Chicago Bears",3,13,0.188,279,399,-120,NA,16,5704,967,5.9,31,12,324,347,559,3969,19,19,6.8,212,380,1735,10,4.6,93,110,967,19,27.3,17.4,-70.06,"NFC","North","No","No",4.69618357023051,-1.69618357023051
2016,"Atlanta Falcons",11,5,0.688,540,406,134,NA,16,6653,995,6.7,11,4,379,374,537,4725,38,7,8.2,239,421,1928,20,4.6,108,104,848,32,52.6,6.3,212.07,"NFC","South","Yes","No",11.841020807833,-0.841020807832983
2016,"Tampa Bay Buccaneers",9,7,0.563,354,369,-15,NA,16,5542,1066,5.2,27,9,340,355,578,3926,29,18,6.4,220,453,1616,8,3.6,80,109,926,40,32.4,14.8,-33.29,"NFC","South","No","No",7.63386444713297,1.36613555286703
2016,"New Orleans Saints",7,9,0.438,469,454,15,NA,16,6816,1105,6.2,24,9,395,472,674,5074,38,15,7.2,265,404,1742,17,4.3,105,107,969,25,45.9,12.7,76.86,"NFC","South","No","No",8.51841366452013,-1.51841366452013
2016,"Carolina Panthers",6,10,0.375,369,402,-33,NA,16,5499,1052,5.2,29,10,318,306,563,3685,21,19,6.2,194,453,1814,16,4,99,98,835,25,34.7,14,-81.23,"NFC","South","No","No",7.14372201976027,-1.14372201976027
2016,"Seattle Seahawks",10,5,0.656,354,292,62,NA,16,5715,1012,5.6,18,6,313,368,567,4124,23,12,6.8,203,403,1591,13,3.9,85,117,970,25,37.3,9.7,-11.48,"NFC","West","Yes","No",9.76158886795337,0.238411132046627
2016,"Arizona Cardinals",7,8,0.469,418,362,56,NA,16,5868,1086,5.4,28,11,368,383,646,4136,28,17,6,229,399,1732,20,4.3,97,104,889,42,35,14.2,-25.79,"NFC","West","No","No",9.62671566693052,-2.62671566693052
2016,"Los Angeles Rams",4,12,0.25,224,394,-170,NA,16,4203,960,4.4,29,9,245,312,536,2951,14,20,5,151,375,1252,9,3.3,68,126,1091,26,21.8,14.5,-190.35,"NFC","West","No","No",3.28796944702348,0.712030552976522
2016,"San Francisco 49ers",2,14,0.125,309,480,-171,NA,16,4930,996,4.9,25,15,287,287,491,2911,21,10,5.4,152,458,2019,15,4.4,116,99,831,19,27.4,10.7,-75.71,"NFC","West","No","No",3.30140694519542,-1.30140694519542
2017,"New England Patriots",13,3,0.813,458,296,162,10.1,16,6307,1070,5.9,12,4,389,389,587,4418,32,8,7.1,232,448,1889,16,4.2,107,95,835,50,49.4,6.9,114.84,"AFC","East","Yes","Yes",12.5751180355775,0.424881964422536
2017,"Buffalo Bills",9,7,0.563,302,359,-57,-3.6,16,4842,1010,4.8,16,6,278,289,476,2825,16,10,5.4,149,487,2017,12,4.1,105,98,872,24,31.7,8.9,-156.16,"AFC","East","Yes","No",6.44816214080876,2.55183785919124
2017,"Miami Dolphins",6,10,0.375,281,393,-112,-7,16,4923,995,4.9,29,8,284,373,602,3535,24,21,5.6,187,360,1388,4,3.9,66,137,1154,31,25.8,15.3,-156.17,"AFC","East","No","No",4.918212207315,1.081787792685
2017,"New York Jets",5,11,0.313,298,382,-84,-5.3,16,4884,984,5,24,12,269,323,510,3182,19,12,5.7,157,427,1702,13,4,77,119,1035,35,28.6,11.1,-119.83,"AFC","East","No","No",5.700144235094,-0.700144235094005
2017,"Pittsburgh Steelers",13,3,0.813,406,308,98,6.1,16,6047,1051,5.8,20,5,348,384,590,4380,29,15,7.1,217,437,1667,12,3.8,96,101,897,35,43,10.6,-32.55,"AFC","North","Yes","No",10.7814944661617,2.21850553383829
2017,"Baltimore Ravens",9,7,0.563,395,303,92,5.8,16,4886,1054,4.6,17,4,311,363,567,3030,20,13,5.1,168,460,1856,14,4,111,91,749,32,36.5,8.9,-132.06,"AFC","North","No","No",10.6103827802642,-1.61038278026422
2017,"Cincinnati Bengals",7,9,0.438,290,349,-59,-3.7,16,4488,927,4.8,23,11,267,304,510,3122,25,12,5.7,165,377,1366,6,3.6,72,110,1027,30,26.5,11.4,-108.45,"AFC","North","No","No",6.38709841385686,0.612901586143141
2017,"Cleveland Browns",0,16,0,234,410,-176,-11,16,4942,1008,4.9,41,13,290,312,574,3228,15,28,5.2,157,384,1714,11,4.5,97,110,924,36,22,21,-233.13,"AFC","North","No","No",3.12700453689089,-3.12700453689089
2017,"Jacksonville Jaguars",10,6,0.625,417,268,149,9.3,16,5855,1078,5.4,23,10,332,316,527,3593,21,13,6.5,193,527,2262,18,4.3,101,112,936,38,34.7,11.1,-36.01,"AFC","South","Yes","No",12.1960814629283,-2.19608146292826
2017,"Tennessee Titans",9,7,0.563,334,356,-22,-1.4,16,5024,974,5.2,25,8,290,306,496,3191,14,17,6,157,443,1833,18,4.1,97,85,785,36,35.1,12.6,-134.32,"AFC","South","Yes","No",7.43077135836455,1.56922864163545
2017,"Indianapolis Colts",4,12,0.25,263,404,-141,-8.8,16,4553,994,4.6,15,6,267,285,487,2892,13,9,5.3,148,451,1661,11,3.7,94,92,779,25,29.4,8.3,-189.77,"AFC","South","No","No",4.10816421505169,-0.108164215051687
2017,"Houston Texans",4,12,0.25,338,436,-98,-6.1,16,5120,1027,5,28,11,313,299,525,3278,28,17,5.7,180,448,1842,8,4.1,86,124,1050,47,29.2,14.6,-78.81,"AFC","South","No","No",5.33261244142343,-1.33261244142343
2017,"Kansas City Chiefs",10,6,0.625,415,339,76,4.8,16,6007,985,6.1,11,3,322,363,543,4104,26,8,7.1,198,405,1903,12,4.7,95,118,1044,29,44.9,6.3,-22.58,"AFC","West","Yes","No",10.1779218212551,-0.177921821255122
2017,"Los Angeles Chargers",9,7,0.563,355,272,83,5.2,16,6026,1020,5.9,15,4,337,366,583,4431,28,11,7.4,220,419,1595,10,3.8,84,108,927,33,33.3,8.5,-17.69,"AFC","West","No","No",10.3423605261573,-1.34236052615726
2017,"Las Vegas Raiders",6,10,0.375,301,373,-72,-4.5,16,5185,952,5.4,28,14,287,347,558,3631,23,14,6.2,178,370,1554,13,4.2,78,114,1009,31,29.2,15.2,-84.71,"AFC","West","No","No",6.03318719072074,-0.0331871907207395
2017,"Denver Broncos",5,11,0.313,289,382,-93,-5.8,16,5185,1075,4.8,34,12,297,332,566,3333,19,22,5.4,180,457,1852,8,4.1,92,113,885,25,26.4,16.6,-165.14,"AFC","West","No","No",5.44710055473523,-0.447100554735233
2017,"Philadelphia Eagles",13,3,0.813,457,295,162,10.1,16,5852,1073,5.5,20,11,338,341,564,3737,38,9,6.2,193,473,2115,9,4.5,108,116,962,37,40.3,9.4,21.06,"NFC","East","Yes","No",12.5746348557791,0.425365144220864
2017,"Dallas Cowboys",9,7,0.563,354,332,22,1.4,16,5311,1005,5.3,22,9,314,309,493,3141,22,13,6,162,480,2170,18,4.5,127,97,939,25,36.3,11.1,-40.65,"NFC","East","No","No",8.6562774805142,0.343722519485798
2017,"Washington Commanders",7,9,0.438,342,388,-46,-2.9,16,5199,982,5.3,27,14,278,347,540,3751,27,13,6.5,191,401,1448,10,3.6,66,92,733,21,31.9,12.6,-95.51,"NFC","East","No","No",6.77144996428767,0.228550035712329
2017,"New York Giants",3,13,0.188,246,388,-142,-8.9,16,5028,1036,4.9,22,8,271,373,608,3479,20,14,5.4,178,394,1549,6,3.9,66,91,895,27,22.7,11.3,-167.56,"NFC","East","No","No",4.07231737379412,-1.07231737379412
2017,"Minnesota Vikings",13,3,0.813,382,252,130,8.1,16,5710,1055,5.4,14,6,334,357,527,3753,25,8,6.8,196,501,1957,15,3.9,100,100,949,38,38.9,7.6,-54.08,"NFC","North","Yes","No",11.6541472609532,1.34585273904684
2017,"Detroit Lions",9,7,0.563,410,376,34,2.1,16,5404,980,5.5,22,11,296,374,570,4183,29,11,6.8,210,363,1221,10,3.4,58,104,968,28,37.3,11.9,-93.68,"NFC","North","No","No",9.01492896545235,-0.0149289654523503
2017,"Green Bay Packers",7,9,0.438,320,384,-64,-4,16,4891,999,4.9,25,7,307,352,562,3167,25,18,5.2,176,386,1724,13,4.5,99,96,789,32,30.5,13.2,-61.83,"NFC","North","No","No",6.26342988437681,0.736570115623185
2017,"Chicago Bears",5,11,0.313,264,320,-56,-3.5,16,4599,934,4.9,22,10,266,291,473,2811,13,12,5.5,144,422,1788,13,4.2,92,115,943,30,24.1,12.1,-115.2,"NFC","North","No","No",6.45743409315825,-1.45743409315825
2017,"New Orleans Saints",11,5,0.688,448,326,122,7.6,16,6259,1000,6.3,18,10,332,386,536,4189,23,8,7.5,201,444,2070,23,4.7,111,105,967,20,44.6,9.1,7.38,"NFC","South","Yes","No",11.464974850155,-0.464974850155008
2017,"Carolina Panthers",11,5,0.688,363,327,36,2.3,16,5179,1026,5,22,6,320,293,501,3077,22,16,5.7,167,490,2102,15,4.3,121,83,682,32,37.4,11.7,-100.34,"NFC","South","Yes","No",9.04748508430287,1.95251491569713
2017,"Atlanta Falcons",10,6,0.625,353,315,38,2.4,16,5837,984,5.9,18,6,330,343,530,3990,21,12,7.2,200,430,1847,12,4.3,101,102,918,29,41.2,10.3,-46.05,"NFC","South","Yes","No",9.09791885569154,0.902081144308458
2017,"Tampa Bay Buccaneers",5,11,0.313,335,382,-47,-2.9,16,5814,1035,5.6,27,13,352,378,605,4366,26,14,6.8,243,390,1448,8,3.7,76,104,795,33,33.7,15.4,-52.32,"NFC","South","No","No",6.74043492101339,-1.74043492101339
2017,"Los Angeles Rams",11,5,0.688,478,329,149,9.3,16,5784,1000,5.8,21,14,311,320,518,3831,28,7,7,185,454,1953,17,4.3,97,107,922,29,45.3,9.5,-43.18,"NFC","West","Yes","No",12.2255554306263,-1.2255554306263
2017,"Seattle Seahawks",9,7,0.563,366,332,34,2.1,16,5286,1007,5.2,17,5,299,340,555,3657,34,12,6.1,183,409,1629,4,4,85,148,1342,31,30.5,8.6,-78.12,"NFC","West","No","No",8.9936690543259,0.00633094567410453
2017,"Arizona Cardinals",8,8,0.5,295,361,-66,-4.1,16,5026,1060,4.7,25,7,310,339,598,3640,21,18,5.6,200,410,1386,6,3.4,66,110,880,44,29.2,12.4,-185.97,"NFC","West","No","No",6.19608482004664,1.80391517995336
2017,"San Francisco 49ers",6,10,0.375,331,383,-52,-3.3,16,5587,1058,5.3,23,8,321,362,607,3925,15,15,6,206,408,1662,15,4.1,88,123,988,27,37.5,12,-173.95,"NFC","West","No","No",6.60033827839018,-0.60033827839018
2018,"New England Patriots",11,5,0.688,436,325,111,NA,16,6295,1073,5.9,18,7,365,378,574,4258,29,11,7.2,206,478,2037,18,4.3,131,93,744,28,40.8,9.2,190.96,"AFC","East","Yes","No",11.1552160610293,-0.155216061029293
2018,"Miami Dolphins",7,9,0.438,319,433,-114,NA,16,4638,878,5.3,23,10,252,292,455,2900,26,13,5.7,153,371,1738,7,4.7,75,108,978,24,28.3,12.5,-40.39,"AFC","East","No","No",4.88130747027952,2.11869252972048
2018,"Buffalo Bills",6,10,0.375,269,374,-105,NA,16,4778,1008,4.7,32,9,283,271,499,2794,13,23,5.2,137,468,1984,15,4.2,108,116,992,38,26.4,15.5,-104.81,"AFC","East","No","No",5.10584354253691,0.894156457463088
2018,"New York Jets",4,12,0.25,333,441,-108,NA,16,4787,971,4.9,30,11,258,299,524,3165,18,19,5.6,157,410,1622,11,4,84,114,948,17,32,14.7,-97.45,"AFC","East","No","No",5.053868695572,-1.053868695572
2018,"Baltimore Ravens",10,6,0.625,389,287,102,NA,16,5999,1135,5.3,20,11,367,334,556,3558,18,9,6.1,184,547,2441,19,4.5,153,116,940,30,40.7,10.7,72.85,"AFC","North","Yes","No",10.883811548334,-0.883811548334043
2018,"Pittsburgh Steelers",9,6,0.594,428,360,68,NA,16,6453,1058,6.1,26,9,378,459,689,5008,35,17,7,251,345,1445,16,4.2,88,111,1026,39,36.8,14.3,156.16,"AFC","North","No","No",9.96314088114556,-0.963140881145559
2018,"Cleveland Browns",7,8,0.469,359,392,-33,NA,16,5900,1023,5.8,24,7,314,353,574,4007,29,17,6.5,189,411,1893,15,4.6,93,112,894,32,31.2,11.4,36.91,"AFC","North","No","No",7.13889022177699,-0.138890221776986
2018,"Cincinnati Bengals",6,10,0.375,368,455,-87,NA,16,4972,938,5.3,17,4,304,331,542,3290,27,13,5.7,182,359,1682,13,4.7,92,114,957,30,35.5,9.6,47.57,"AFC","North","No","No",5.65106846691906,0.348931533080939
2018,"Houston Texans",11,5,0.688,402,316,86,NA,16,5802,1040,5.6,16,7,333,345,506,3781,26,9,6.7,202,472,2021,12,4.3,94,105,787,37,40.3,8.1,84.1,"AFC","South","Yes","No",10.4479683307366,0.552031669263355
2018,"Indianapolis Colts",10,6,0.625,433,344,89,NA,16,6179,1070,5.8,24,9,371,432,644,4461,39,15,6.7,237,408,1718,13,4.2,96,120,953,38,41.2,13.2,140.47,"AFC","South","Yes","No",10.5458452585428,-0.545845258542766
2018,"Tennessee Titans",9,7,0.563,310,303,7,NA,16,5002,940,5.3,18,6,289,293,437,2975,16,12,6.1,156,456,2027,15,4.4,106,82,727,27,34.9,10.2,10.48,"AFC","South","No","No",8.22052579909806,0.779474200901941
2018,"Jacksonville Jaguars",5,11,0.313,245,316,-71,NA,16,4832,1005,4.8,29,16,277,329,536,3109,15,13,5.3,164,416,1723,7,4.1,92,121,1112,21,25,15.6,-98.17,"AFC","South","No","No",6.03376190670032,-1.03376190670032
2018,"Kansas City Chiefs",12,4,0.75,565,421,144,NA,16,6810,996,6.8,18,6,384,385,583,4955,50,12,8.1,239,387,1855,16,4.8,108,137,1152,37,52.6,10.5,298.14,"AFC","West","Yes","No",12.129428149651,-0.129428149650987
2018,"Los Angeles Chargers",12,4,0.75,428,329,99,NA,16,5962,945,6.3,19,7,338,348,512,4089,32,12,7.5,213,399,1873,16,4.7,100,113,967,25,42.4,10,170.19,"AFC","West","Yes","No",10.8197572064109,1.18024279358908
2018,"Denver Broncos",6,10,0.375,329,349,-20,NA,16,5602,1015,5.5,21,6,320,367,588,3695,19,15,5.9,181,393,1907,18,4.9,107,125,985,32,30.6,11.3,24.23,"AFC","West","No","No",7.48362102874486,-1.48362102874486
2018,"Las Vegas Raiders",4,12,0.25,290,467,-177,NA,16,5379,995,5.4,24,14,300,382,556,3751,19,10,6.2,197,387,1628,9,4.2,86,110,965,17,31.3,13.6,-17.92,"AFC","West","No","No",3.12642982091131,0.873570179088694
2018,"Dallas Cowboys",10,6,0.625,339,324,15,NA,16,5501,1022,5.4,17,9,322,356,527,3538,22,8,6.1,184,439,1963,13,4.5,113,104,885,25,37.9,10.1,83.04,"NFC","East","Yes","No",8.45560029073742,1.54439970926258
2018,"Philadelphia Eagles",9,7,0.563,367,348,19,NA,16,5845,1037,5.6,23,12,346,422,599,4275,29,11,6.7,221,398,1570,12,3.9,94,100,852,31,38.1,12.5,91.97,"NFC","East","Yes","Yes",8.57966046383454,0.420339536165464
2018,"Washington Commanders",7,9,0.438,281,359,-78,NA,16,4795,967,5,19,4,280,311,509,3021,16,15,5.5,156,414,1774,12,4.3,96,115,1008,28,31.8,11.2,-34.07,"NFC","East","No","No",5.85772688663829,1.14227311336171
2018,"New York Giants",5,11,0.313,369,412,-43,NA,16,5697,984,5.8,19,7,297,382,583,4047,23,12,6.4,208,354,1650,13,4.7,71,114,951,18,38.4,9.6,70.53,"NFC","East","No","No",6.86739417290048,-1.86739417290048
2018,"Chicago Bears",12,4,0.75,421,283,138,NA,16,5502,1013,5.4,24,10,331,344,512,3564,28,14,6.5,177,468,1938,16,4.1,108,97,796,46,36.8,13.2,96.31,"NFC","North","Yes","No",11.8940535505758,0.105946449424193
2018,"Minnesota Vikings",8,7,0.531,360,341,19,NA,16,5529,1003,5.5,20,10,310,425,606,4036,30,10,6.2,218,357,1493,9,4.2,66,92,779,26,32.4,10.6,7.47,"NFC","North","No","No",8.57627820524624,-0.576278205246236
2018,"Green Bay Packers",6,9,0.406,376,400,-24,NA,16,5905,1026,5.8,15,11,332,392,640,4238,25,4,6.1,208,333,1667,14,5,98,108,937,26,38.8,6.7,108.88,"NFC","North","No","No",7.39579934052238,-1.39579934052238
2018,"Detroit Lions",6,10,0.375,324,360,-36,NA,16,5236,1019,5.1,19,7,325,375,574,3576,22,12,5.8,201,404,1660,11,4.1,91,94,852,33,35.3,11,39.87,"NFC","North","No","No",7.03908057477755,-1.03908057477755
2018,"New Orleans Saints",13,3,0.813,504,353,151,NA,16,6067,1010,6,16,9,377,381,519,4042,33,7,7.5,210,471,2025,26,4.3,134,94,939,33,51.8,9.5,237.73,"NFC","South","Yes","No",12.2933836747548,0.706616325245196
2018,"Atlanta Falcons",7,9,0.438,414,423,-9,NA,16,6226,1010,6.2,18,11,352,428,617,4653,36,7,7.1,238,351,1573,11,4.5,84,101,899,30,42.9,10.7,155.08,"NFC","South","No","No",7.82865194314856,-0.828651943148557
2018,"Carolina Panthers",7,9,0.438,376,382,-6,NA,16,5972,1011,5.9,22,6,356,378,563,3836,28,16,6.4,212,416,2136,17,5.1,117,92,818,27,37,12.1,117.24,"NFC","South","No","No",7.89318946487001,-0.893189464870009
2018,"Tampa Bay Buccaneers",5,11,0.313,396,464,-68,NA,16,6648,1055,6.3,35,9,388,408,625,5125,36,26,7.7,265,389,1523,11,3.9,80,117,975,43,37,19,121.14,"NFC","South","No","No",6.18962041030587,-1.18962041030587
2018,"Los Angeles Rams",13,3,0.813,527,384,143,NA,16,6738,1060,6.4,19,7,401,368,568,4507,32,12,7.5,236,459,2231,23,4.9,134,96,878,31,48.6,9.8,239.79,"NFC","West","Yes","No",12.0834345326285,0.916565467371473
2018,"Seattle Seahawks",10,6,0.625,428,347,81,NA,16,5653,1012,5.6,11,4,329,280,427,3093,35,7,6.5,156,534,2560,15,4.8,133,111,959,40,39.8,6.1,128.78,"NFC","West","Yes","No",10.3223670820633,-0.322367082063289
2018,"San Francisco 49ers",4,12,0.25,342,435,-93,NA,16,5769,1003,5.8,32,12,344,331,532,3867,26,20,6.7,201,423,1902,7,4.5,98,112,982,45,37,17.1,20.95,"NFC","West","No","No",5.47270908404665,-1.47270908404665
2018,"Arizona Cardinals",3,13,0.188,225,425,-200,NA,16,3865,902,4.3,28,10,239,283,495,2523,15,18,4.6,137,355,1342,9,3.8,76,101,786,26,19.3,15,-155.06,"NFC","West","No","No",2.45946908624243,0.540530913757572
2019,"New England Patriots",12,4,0.75,420,225,195,NA,16,5664,1095,5.2,15,6,338,378,620,3961,25,9,6.1,197,447,1703,17,3.8,110,94,828,31,36.3,7.4,34.62,"AFC","East","Yes","Yes",13.4686390978783,-1.4686390978783
2019,"Buffalo Bills",10,6,0.625,314,259,55,NA,16,5283,1018,5.2,19,7,314,299,513,3229,21,12,5.8,162,465,2054,13,4.4,120,117,927,32,30.1,10.2,6.66,"AFC","East","Yes","No",9.54883218321837,0.451167816781625
2019,"New York Jets",7,9,0.438,276,359,-83,NA,16,4368,956,4.6,25,9,253,323,521,3111,19,16,5.4,162,383,1257,6,3.3,61,115,1105,30,23.3,11.6,-112.92,"AFC","East","No","No",5.71714706421675,1.28285293578325
2019,"Miami Dolphins",5,11,0.313,306,494,-188,NA,16,4960,1022,4.9,26,8,315,371,615,3804,22,18,5.7,210,349,1156,10,3.3,64,92,769,41,30.2,13.7,-28.85,"AFC","East","No","No",2.83020006613879,2.16979993386121
2019,"Baltimore Ravens",14,2,0.875,531,282,249,NA,16,6521,1064,6.1,15,7,386,289,440,3225,37,8,6.9,171,596,3296,21,5.5,188,109,867,27,51.8,8.4,239.99,"AFC","North","Yes","No",15.0144424285356,-1.01444242853564
2019,"Pittsburgh Steelers",8,8,0.5,289,303,-14,NA,16,4428,937,4.7,30,11,265,315,510,2981,18,19,5.5,147,395,1447,7,3.7,75,111,893,43,28.9,16,-85.56,"AFC","North","No","No",7.63009054492759,0.369909455072406
2019,"Cleveland Browns",6,10,0.375,335,393,-58,NA,16,5455,973,5.6,28,7,305,318,539,3554,22,21,6.1,180,393,1901,15,4.8,90,122,1106,35,33.9,14.8,13.54,"AFC","North","No","No",6.43647428946762,-0.43647428946762
2019,"Cincinnati Bengals",2,14,0.125,279,420,-141,NA,16,5169,1049,4.9,30,14,312,356,616,3652,18,16,5.5,191,385,1517,9,3.9,85,93,761,36,29.8,15.5,-60.73,"AFC","North","No","No",4.11589509182494,-2.11589509182494
2019,"Houston Texans",10,6,0.625,378,385,-7,NA,16,5792,1017,5.7,22,8,346,355,534,3783,27,14,6.5,203,434,2009,17,4.6,112,111,892,31,37.9,12.4,118.67,"AFC","South","Yes","No",7.86652303978069,2.13347696021931
2019,"Tennessee Titans",9,7,0.563,402,331,71,NA,16,5805,949,6.1,17,9,317,297,448,3582,29,8,7.1,177,445,2223,21,5,104,99,932,36,31.4,8.6,115.88,"AFC","South","Yes","No",10.033476560447,-1.03347656044695
2019,"Indianapolis Colts",7,9,0.438,361,373,-12,NA,16,5238,1016,5.2,21,11,340,307,513,3108,22,10,5.7,165,471,2130,17,4.5,131,79,670,44,36.3,11.3,74.8,"AFC","South","No","No",7.72014505977921,-0.720145059779207
2019,"Jacksonville Jaguars",6,10,0.375,300,397,-97,NA,16,5468,1020,5.4,20,12,298,364,589,3760,24,8,6,183,389,1708,3,4.4,85,132,1165,30,33.9,10.2,-23.15,"AFC","South","No","No",5.34188439377293,0.65811560622707
2019,"Kansas City Chiefs",12,4,0.75,451,308,143,NA,16,6067,976,6.2,15,10,350,378,576,4498,30,5,7.5,211,375,1569,16,4.2,93,107,1029,46,48.8,7.9,263.38,"AFC","West","Yes","No",12.0467128679556,-0.0467128679555593
2019,"Denver Broncos",7,9,0.438,282,316,-34,NA,16,4777,954,5,16,6,279,312,504,3115,16,10,5.7,162,409,1662,11,4.1,77,110,912,40,32.4,9.2,-14.61,"AFC","West","No","No",7.07405259261971,-0.0740525926197098
2019,"Las Vegas Raiders",7,9,0.438,313,419,-106,NA,16,5819,989,5.9,17,9,315,367,523,3926,22,8,7.1,194,437,1893,13,4.3,104,128,1138,17,32.7,9.7,79.57,"AFC","West","No","No",5.09947066897739,1.90052933102261
2019,"Los Angeles Chargers",5,11,0.313,337,345,-8,NA,16,5879,997,5.9,31,11,349,394,597,4426,24,20,7,220,366,1453,12,4,90,103,872,39,38.8,18.1,82.43,"AFC","West","No","No",7.81907988336324,-2.81907988336324
2019,"Philadelphia Eagles",9,7,0.563,385,354,31,NA,16,5772,1104,5.2,23,15,354,391,613,3833,27,8,5.9,215,454,1939,16,4.3,104,100,836,35,34.8,10.7,59.85,"NFC","East","Yes","No",8.9199511164362,0.0800488835637996
2019,"Dallas Cowboys",8,8,0.5,434,321,113,NA,16,6904,1069,6.5,18,7,379,388,597,4751,30,11,7.7,229,449,2153,18,4.8,120,109,1008,30,44.6,10.3,210.77,"NFC","East","No","No",11.2095152708046,-3.2095152708046
2019,"New York Giants",4,12,0.25,341,451,-110,NA,16,5416,1012,5.4,33,16,311,376,607,3731,30,17,5.7,187,362,1685,11,4.7,89,90,784,35,28.6,17.8,-10.3,"NFC","East","No","No",5.00246856458667,-1.00246856458667
2019,"Washington Commanders",3,13,0.188,266,435,-169,NA,16,4395,885,5,21,8,248,298,479,2812,18,13,5.3,154,356,1583,9,4.4,74,106,835,20,29.5,11.9,-88.3,"NFC","East","No","No",3.33589578323925,-0.335895783239254
2019,"Green Bay Packers",13,3,0.813,376,313,63,NA,16,5528,1020,5.4,13,9,320,356,573,3733,26,4,6.1,190,411,1795,18,4.4,90,100,774,40,37.3,6.8,113.4,"NFC","North","Yes","No",9.79985160820258,3.20014839179742
2019,"Minnesota Vikings",10,6,0.625,407,303,104,NA,16,5656,970,5.8,20,12,314,319,466,3523,26,8,7.1,171,476,2133,19,4.5,106,96,895,37,41.6,10.4,98.01,"NFC","North","Yes","No",10.9477743540759,-0.947774354075911
2019,"Chicago Bears",8,8,0.5,280,298,-18,NA,16,4749,1020,4.7,19,7,297,371,580,3291,20,12,5.3,178,395,1458,8,3.7,85,103,838,34,29.1,10.3,-41.05,"NFC","North","No","No",7.51521078799872,0.484789212001278
2019,"Detroit Lions",3,12,0.219,341,423,-82,NA,16,5549,1021,5.4,23,8,313,344,571,3900,28,15,6.4,196,407,1649,7,4.1,82,113,937,35,33.3,12,31.07,"NFC","North","No","No",5.77618653579409,-2.77618653579409
2019,"New Orleans Saints",13,3,0.813,458,341,117,NA,16,5982,1011,5.9,8,2,347,418,581,4244,36,6,7,230,405,1738,12,4.3,97,120,1036,20,46.2,4,163.04,"NFC","South","Yes","No",11.3316427247084,1.6683572752916
2019,"Atlanta Falcons",7,9,0.438,381,399,-18,NA,16,6075,1096,5.5,25,10,383,459,684,4714,29,15,6.4,258,362,1361,10,3.8,84,119,956,41,40.8,13.2,95.51,"NFC","South","No","No",7.5640119476299,-0.564011947629901
2019,"Tampa Bay Buccaneers",7,9,0.438,458,449,9,NA,16,6366,1086,5.9,41,11,353,382,630,4845,33,30,7.2,244,409,1521,15,3.7,81,133,1111,28,37.9,20.2,37,"NFC","South","No","No",8.34730197862264,-1.34730197862264
2019,"Carolina Panthers",5,11,0.313,340,470,-130,NA,16,5469,1077,5.1,35,14,335,382,633,3650,17,21,5.3,230,386,1819,20,4.7,82,87,754,23,32.3,16.7,-28.07,"NFC","South","No","No",4.44932969106876,0.550670308931243
2019,"San Francisco 49ers",13,3,0.813,479,310,169,NA,16,6097,1012,6,23,10,336,331,478,3792,28,13,7.4,195,498,2305,23,4.6,110,105,939,31,44.3,12,140.39,"NFC","West","Yes","No",12.7786943041442,0.221305695855783
2019,"Seattle Seahawks",11,5,0.688,405,398,7,NA,16,5991,1046,5.7,20,14,341,341,517,3791,31,6,6.7,190,481,2200,15,4.6,121,109,882,30,36.5,10.6,86.55,"NFC","West","Yes","No",8.26642787993927,2.73357212006073
2019,"Los Angeles Rams",9,7,0.563,394,364,30,NA,16,5998,1055,5.7,24,7,342,397,632,4499,22,17,6.9,222,401,1499,20,3.7,92,118,899,28,35.7,13,37.09,"NFC","West","No","No",8.89666694993518,0.103333050064824
2019,"Arizona Cardinals",5,10,0.344,361,442,-81,NA,16,5467,1000,5.5,18,6,314,355,554,3477,20,12,5.8,176,396,1990,18,5,109,121,956,29,38.8,10.1,64.36,"NFC","West","No","No",5.81348291644664,-0.813482916446638
2020,"Buffalo Bills",13,3,0.813,501,375,126,NA,16,6343,1034,6.1,22,11,397,410,596,4620,40,11,7.4,240,411,1723,16,4.2,119,102,941,38,49.4,11.8,228.66,"AFC","East","Yes","No",11.6011145182103,1.39888548178966
2020,"Miami Dolphins",10,6,0.625,404,338,66,NA,16,5424,1021,5.3,20,7,345,370,559,3736,24,13,6.3,207,428,1688,15,3.9,100,74,635,38,41.4,11,61.96,"AFC","East","No","No",9.89627899661371,0.103721003386285
2020,"New England Patriots",7,9,0.438,326,353,-27,NA,16,5236,979,5.3,19,5,332,283,440,2890,12,14,6.1,157,502,2346,20,4.7,143,62,534,32,36.9,12.1,55.88,"AFC","East","No","No",7.28874199654802,-0.288741996548018
2020,"New York Jets",2,14,0.125,243,457,-214,NA,16,4479,948,4.7,19,5,269,292,499,2796,16,14,5.2,146,406,1683,9,4.1,94,101,952,29,26.3,10.9,-59.07,"AFC","East","No","No",2.08130733700863,-0.0813073370086319
2020,"Pittsburgh Steelers",12,4,0.75,416,312,104,NA,16,5354,1043,5.1,18,7,322,428,656,4003,35,11,6,206,373,1351,12,3.6,81,81,691,35,37.2,8.5,78.22,"AFC","North","Yes","No",10.9521229722609,1.04787702773913
2020,"Baltimore Ravens",11,5,0.688,468,303,165,NA,16,5810,993,5.9,18,7,327,257,406,2739,27,11,6.3,142,555,3071,24,5.5,166,104,961,19,45.3,10.6,148.3,"AFC","North","Yes","No",12.6628481876187,-1.66284818761869
2020,"Cleveland Browns",11,5,0.688,408,419,-11,NA,16,5913,1022,5.8,16,8,355,315,501,3539,27,8,6.7,195,495,2374,21,4.8,133,100,870,27,40.6,9.7,159.48,"AFC","North","Yes","No",7.77048729498663,3.22951270501337
2020,"Cincinnati Bengals",4,11,0.281,311,424,-113,NA,16,5116,1040,4.9,24,13,318,372,581,3448,19,11,5.5,201,411,1668,13,4.1,92,83,675,25,33,12.8,-5.13,"AFC","North","No","No",4.90507481657888,-0.905074816578876
2020,"Tennessee Titans",11,5,0.688,491,439,52,NA,16,6343,1031,6.2,12,5,381,316,485,3653,33,7,7.2,203,521,2690,26,5.2,142,86,783,36,47.9,7.2,245.01,"AFC","South","Yes","No",9.55145665346459,1.44854334653541
2020,"Indianapolis Colts",11,5,0.688,451,362,89,NA,16,6049,1032,5.9,15,4,364,371,552,4053,24,11,7.1,201,459,1996,20,4.3,129,94,899,34,44.4,8.8,168.41,"AFC","South","Yes","No",10.5545424949127,0.445457505087321
2020,"Houston Texans",4,12,0.25,384,464,-80,NA,16,6004,940,6.4,18,11,326,383,546,4538,33,7,7.6,222,344,1466,10,4.3,83,80,619,21,42.9,9.8,140.22,"AFC","South","No","No",5.85222883649417,-1.85222883649417
2020,"Jacksonville Jaguars",1,15,0.063,306,492,-186,NA,16,5218,997,5.2,25,9,310,387,616,3699,25,16,5.6,205,337,1519,9,4.5,80,107,1071,25,30.4,14,-6.12,"AFC","South","No","No",2.88546563551075,-1.88546563551075
2020,"Kansas City Chiefs",14,2,0.875,473,362,111,NA,16,6653,1057,6.3,16,9,397,420,630,4854,40,7,7.4,255,403,1799,13,4.5,110,105,919,32,47.9,9.2,280.82,"AFC","West","Yes","Yes",11.1730937135674,2.82690628643255
2020,"Las Vegas Raiders",8,8,0.5,434,478,-44,NA,16,6133,1036,5.9,26,16,359,369,551,4217,28,10,7.3,206,457,1916,20,4.2,121,98,856,32,47.9,14.8,147.62,"AFC","West","No","No",6.87116807510585,1.12883192489415
2020,"Los Angeles Chargers",7,9,0.438,384,426,-42,NA,16,6113,1127,5.4,16,6,373,413,627,4329,31,10,6.5,226,466,1784,12,3.8,111,85,710,36,38.3,8.6,129.6,"AFC","West","No","No",6.90227465456139,0.0977253454386142
2020,"Denver Broncos",5,11,0.313,323,446,-123,NA,16,5369,1030,5.2,32,9,308,317,556,3451,21,23,5.9,176,442,1918,13,4.3,94,81,670,38,33,17,-21.82,"AFC","West","No","No",4.63454512729903,0.365454872700974
2020,"Washington Commanders",7,9,0.438,335,329,6,NA,16,5076,1051,4.8,27,11,322,389,601,3465,16,16,5.3,184,400,1611,18,4,108,87,697,30,33.3,13.1,-10.43,"NFC","East","Yes","No",8.20497250937029,-1.20497250937029
2020,"New York Giants",6,10,0.375,280,357,-77,NA,16,4794,966,5,22,11,297,321,517,3026,12,11,5.3,178,399,1768,13,4.4,91,81,634,28,33.5,12.6,-26.79,"NFC","East","No","No",5.88487649152595,0.115123508474055
2020,"Dallas Cowboys",6,10,0.375,395,473,-78,NA,16,5949,1113,5.3,26,13,371,413,639,4161,25,13,6.1,231,430,1788,14,4.2,115,96,849,25,40.6,14.4,58.97,"NFC","East","No","No",5.91280938364775,0.0871906163522533
2020,"Philadelphia Eagles",4,11,0.281,334,418,-84,NA,16,5354,1066,5,29,9,336,334,598,3327,22,20,5,177,403,2027,16,5,114,107,853,45,27.9,15.3,-13.65,"NFC","East","No","No",5.71753870783383,-1.71753870783383
2020,"Green Bay Packers",13,3,0.813,509,369,140,NA,16,6224,990,6.3,11,6,358,372,526,4106,48,5,7.5,216,443,2118,16,4.8,114,84,684,28,49.7,5.6,290.75,"NFC","North","Yes","No",11.9918389422007,1.00816105779933
2020,"Chicago Bears",8,8,0.5,372,370,2,NA,16,5302,1043,5.1,22,6,335,402,614,3655,26,16,5.6,218,393,1647,12,4.2,93,88,777,24,38.9,12,34.92,"NFC","North","Yes","No",8.11231902316453,-0.112319023164531
2020,"Minnesota Vikings",7,9,0.438,430,475,-45,NA,16,6292,1023,6.2,23,10,383,349,516,4009,35,13,7.2,212,468,2283,20,4.9,139,82,650,32,39.8,12.5,157.7,"NFC","North","No","No",6.84160257122656,0.158397428773442
2020,"Detroit Lions",5,11,0.313,377,519,-142,NA,16,5603,991,5.7,21,8,350,374,582,4104,27,13,6.6,220,367,1499,17,4.1,93,95,860,37,38.5,11.2,94.78,"NFC","North","No","No",4.13561392737516,0.864386072624839
2020,"New Orleans Saints",12,4,0.75,482,337,145,NA,16,6023,1045,5.8,17,9,367,370,522,3758,28,8,6.8,199,494,2265,30,4.6,147,98,1005,21,45.5,9,176.94,"NFC","South","Yes","No",12.1169570110757,-0.116957011075701
2020,"Tampa Bay Buccaneers",11,5,0.688,492,355,137,NA,16,6145,1017,6,17,5,364,410,626,4626,42,12,7.1,238,369,1519,16,4.1,82,84,715,44,47.8,8.9,246.24,"NFC","South","Yes","No",11.9007265315712,-0.90072653157115
2020,"Carolina Panthers",5,11,0.313,350,402,-52,NA,16,5592,993,5.6,21,5,335,373,550,3888,16,16,6.6,192,407,1704,19,4.2,110,95,752,33,40.3,13.2,81.2,"NFC","South","No","No",6.60951869455842,-1.60951869455842
2020,"Atlanta Falcons",4,12,0.25,396,414,-18,NA,16,5895,1078,5.5,18,7,366,408,628,4363,27,11,6.5,243,409,1532,13,3.7,86,83,736,37,44.8,10.3,129.77,"NFC","South","No","No",7.57125964460483,-3.57125964460483
2020,"Seattle Seahawks",12,4,0.75,459,371,88,NA,16,5912,1022,5.8,18,5,356,388,563,3941,40,13,6.5,216,411,1971,15,4.8,111,84,662,29,44.4,10.1,129.24,"NFC","West","Yes","No",10.5307751486133,1.46922485138667
2020,"Los Angeles Rams",10,6,0.625,372,296,76,NA,16,6032,1088,5.5,25,11,352,392,590,4014,20,14,6.5,206,473,2018,19,4.3,123,71,655,23,34.2,12.5,57.24,"NFC","West","Yes","No",10.157145089927,-0.157145089926995
2020,"Arizona Cardinals",8,8,0.5,410,367,43,NA,16,6153,1083,5.7,21,8,381,387,575,3916,27,13,6.5,211,479,2237,22,4.7,136,113,868,34,40.2,11.7,103.62,"NFC","West","No","No",9.26362402762616,-1.26362402762616
2020,"San Francisco 49ers",6,10,0.375,376,390,-14,NA,16,5922,1046,5.7,31,14,350,371,570,4033,25,17,6.6,217,437,1889,19,4.3,101,85,731,32,36.3,14.8,55.7,"NFC","West","No","No",7.67212718738217,-1.67212718738217
2021,"Buffalo Bills",11,6,0.647,483,289,194,NA,17,6493,1143,5.7,22,6,398,415,655,4284,36,16,6.3,236,461,2209,20,4.8,134,113,980,28,45.2,11.3,216.68,"AFC","East","Yes","No",13.471446640487,-2.47144664048701
2021,"New England Patriots",10,7,0.588,462,303,159,NA,17,6008,1052,5.7,23,10,362,364,535,3857,24,13,6.9,187,489,2151,24,4.4,139,95,854,36,48,12.6,126.97,"AFC","East","Yes","No",12.4941524007128,-2.49415240071284
2021,"Miami Dolphins",9,8,0.529,341,373,-32,NA,17,5219,1097,4.8,26,12,325,404,615,3651,21,14,5.6,206,442,1568,12,3.5,87,105,825,32,30.1,12.4,-11.96,"AFC","East","No","No",7.15782577009305,1.84217422990695
2021,"New York Jets",4,13,0.235,310,504,-194,NA,17,5208,1036,5,27,7,310,357,603,3541,20,20,5.4,195,380,1667,14,4.4,87,103,860,28,29.4,14.4,-32.71,"AFC","East","No","No",2.66633607721623,1.33366392278377
2021,"Cincinnati Bengals",10,7,0.588,460,376,84,NA,17,6145,1046,5.9,21,7,337,384,555,4403,36,14,7.2,208,436,1742,16,4,96,72,620,33,42.6,10,118.5,"AFC","North","Yes","No",10.4207271896677,-0.420727189667739
2021,"Pittsburgh Steelers",9,7,0.559,343,398,-55,NA,17,5361,1113,4.8,20,9,323,425,664,3778,23,11,5.4,204,411,1583,10,3.9,85,106,831,34,34.7,9.5,-14.49,"AFC","North","No","No",6.52323808191218,2.47676191808782
2021,"Cleveland Browns",8,9,0.471,349,371,-22,NA,17,5791,1054,5.5,22,8,342,320,520,3320,21,14,5.8,177,485,2471,20,5.1,138,112,1035,27,32.2,12.4,58.49,"AFC","North","No","No",7.43801905533947,0.561980944660529
2021,"Baltimore Ravens",8,9,0.471,387,392,-5,NA,17,6440,1185,5.4,26,8,394,396,611,3961,21,18,5.9,209,517,2479,18,4.8,159,102,852,26,38.5,13.3,59.67,"AFC","North","No","No",7.9261372273376,0.0738627726623982
2021,"Tennessee Titans",12,5,0.706,419,354,65,NA,17,5822,1133,5.1,25,11,362,359,535,3418,22,14,5.9,194,551,2404,23,4.4,134,103,973,34,38.9,13,79.19,"AFC","South","Yes","No",9.87589390890266,2.12410609109734
2021,"Indianapolis Colts",9,8,0.529,451,365,86,NA,17,5901,1052,5.6,19,11,354,324,521,3361,27,8,6.1,167,499,2540,22,5.1,154,76,688,33,43.3,8.9,127.06,"AFC","South","Yes","No",10.4716441408547,-1.47164414085474
2021,"Houston Texans",4,13,0.235,280,452,-172,NA,17,4727,1010,4.7,22,7,266,354,546,3305,21,15,5.6,162,420,1422,8,3.4,77,114,978,27,26.6,11.2,-74.29,"AFC","South","No","No",3.25976194635792,0.740238053642084
2021,"Jacksonville Jaguars",3,14,0.176,253,457,-204,NA,17,5191,1028,5,29,12,304,361,604,3436,12,17,5.4,178,392,1755,13,4.5,92,104,856,34,26.4,15.7,-42.52,"AFC","South","No","No",2.36246698185171,0.637533018148291
2021,"Kansas City Chiefs",12,5,0.706,480,364,116,NA,17,6746,1134,5.9,25,12,419,448,675,4791,37,13,6.8,267,431,1955,16,4.5,119,111,925,33,48.2,13.7,261.77,"AFC","West","Yes","No",11.3146398955856,0.685360104414356
2021,"Las Vegas Raiders",10,7,0.588,374,439,-65,NA,17,6184,1082,5.7,24,10,349,429,628,4567,23,14,6.8,217,414,1617,14,3.9,95,124,1104,37,41,12.8,77.89,"AFC","West","Yes","No",6.26188880880058,3.73811119119942
2021,"Los Angeles Chargers",9,8,0.529,474,459,15,NA,17,6634,1128,5.9,22,7,401,443,674,4800,38,15,6.8,256,423,1834,18,4.3,112,116,1033,33,45.7,12,164.91,"AFC","West","Yes","No",8.52082956351177,0.479170436488232
2021,"Denver Broncos",7,10,0.412,335,322,13,NA,17,5618,1036,5.4,18,9,331,354,541,3593,20,9,6.2,179,455,2025,16,4.5,124,83,711,28,36.9,9.5,61.32,"AFC","West","No","No",8.39840200217215,-1.39840200217215
2021,"Dallas Cowboys",12,5,0.706,530,358,172,NA,17,6919,1153,6,20,9,390,444,647,4800,40,11,7.1,248,473,2119,15,4.5,111,127,1103,31,43.8,9.9,158.06,"NFC","East","Yes","No",12.8862348279169,-0.886234827916908
2021,"Philadelphia Eagles",9,8,0.529,444,385,59,NA,17,6119,1075,5.7,16,6,352,307,494,3404,20,10,6.5,167,550,2715,25,4.9,163,107,842,22,43.4,9.2,113.05,"NFC","East","Yes","No",9.722176695745,-0.722176695744999
2021,"Washington Commanders",7,10,0.412,335,434,-99,NA,17,5502,1070,5.1,24,9,345,356,550,3441,21,15,5.8,181,477,2061,13,4.3,129,82,743,35,34.6,13.4,15.8,"NFC","East","No","No",5.30353011734247,1.69646988265753
2021,"New York Giants",4,13,0.235,258,416,-158,NA,17,4884,1050,4.7,30,10,299,351,593,3196,15,20,5.1,171,419,1688,8,4,90,88,674,38,27.5,15.9,-100.13,"NFC","East","No","No",3.6359909763984,0.364009023601602
2021,"Green Bay Packers",13,4,0.765,450,371,79,NA,17,6215,1072,5.8,13,6,375,402,593,4315,39,7,6.9,235,446,1900,13,4.3,109,69,678,31,44.5,6.4,180.42,"NFC","North","Yes","No",10.2777314682546,2.72226853174544
2021,"Minnesota Vikings",8,9,0.471,425,426,-1,NA,17,6168,1083,5.7,13,6,332,398,604,4238,34,7,6.7,202,449,1930,10,4.3,103,111,1043,27,39.3,6.6,72.05,"NFC","North","No","No",8.055029198418,-0.0550291984180014
2021,"Chicago Bears",6,11,0.353,311,407,-96,NA,17,5225,1075,4.9,29,9,333,332,542,3207,16,20,5.3,180,475,2018,14,4.2,119,106,919,34,31.5,15.2,-40.89,"NFC","North","No","No",5.37483215624052,0.625167843759477
2021,"Detroit Lions",3,13,0.206,325,467,-142,NA,17,5484,1056,5.2,23,9,329,396,593,3598,23,14,5.7,193,427,1886,12,4.4,104,105,824,32,34.3,12.9,6.87,"NFC","North","No","No",4.11048857786208,-1.11048857786208
2021,"Tampa Bay Buccaneers",13,4,0.765,511,353,158,NA,17,6901,1139,6.1,19,7,404,492,731,5229,43,12,6.9,273,385,1672,18,4.3,106,97,874,25,44.3,9.8,216.14,"NFC","South","Yes","Yes",12.490195426145,0.509804573855043
2021,"New Orleans Saints",9,8,0.529,364,335,29,NA,17,5177,1051,4.9,18,5,307,293,504,3186,29,13,5.9,165,510,1991,12,3.9,113,98,811,29,33.7,8.7,-11.97,"NFC","South","Yes","No",8.85453877129934,0.145461228700656
2021,"Atlanta Falcons",7,10,0.412,313,459,-146,NA,17,5164,1006,5.1,26,11,306,377,573,3713,20,15,6.1,196,393,1451,11,3.7,75,92,753,35,32.8,14.7,-18.38,"NFC","South","No","No",3.99415928153822,3.00584071846178
2021,"Carolina Panthers",5,12,0.294,304,404,-100,NA,17,5081,1106,4.6,29,8,322,348,599,3239,14,21,5,174,455,1842,17,4,118,107,864,30,29.2,14.9,-92.1,"NFC","South","No","No",5.26091875890831,-0.260918758908307
2021,"Los Angeles Rams",12,5,0.706,460,372,88,NA,17,6325,1058,6,23,5,355,406,607,4642,41,18,7.3,233,420,1683,10,4,99,76,637,23,45.9,12.2,161.53,"NFC","West","Yes","No",10.5312583284117,1.46874167158834
2021,"Arizona Cardinals",11,6,0.647,449,366,83,NA,17,6352,1126,5.6,15,4,367,415,591,4276,27,11,6.8,214,496,2076,23,4.2,127,114,990,26,44.7,7.8,119.94,"NFC","West","Yes","No",10.3877794272001,0.612220572799854
2021,"San Francisco 49ers",10,7,0.588,427,365,62,NA,17,6387,1046,6.1,24,10,361,343,514,4221,26,14,7.7,200,499,2166,22,4.3,130,102,1066,31,41.2,11.5,130.03,"NFC","West","Yes","No",9.79686099323136,0.203139006768644
2021,"Seattle Seahawks",7,10,0.412,395,366,29,NA,17,5506,954,5.8,13,6,302,324,495,3432,30,7,6.3,166,413,2074,18,5,106,97,803,30,34.8,7,101.56,"NFC","West","No","No",8.86951734504753,-1.86951734504753
2022,"Buffalo Bills",13,3,0.813,455,286,169,NA,16,6361,1037,6.1,27,13,367,361,574,4129,35,14,6.8,212,430,2232,15,5.2,128,92,709,27,45,15.2,157.46,"AFC","East","Yes","No",12.7670979889843,0.232902011015668
2022,"Miami Dolphins",9,8,0.529,397,399,-2,NA,17,6197,1009,6.1,21,6,342,368,584,4511,30,15,7.3,220,390,1686,12,4.3,93,111,881,29,38.8,11.8,79.06,"AFC","East","Yes","No",8.01386737937883,0.986132620621174
2022,"New England Patriots",8,9,0.471,364,347,17,NA,17,5348,1006,5.3,23,9,288,358,540,3536,19,14,6.1,166,425,1812,12,4.3,98,104,841,24,32.8,12,-25.81,"AFC","East","No","No",8.52294535506759,-0.522945355067593
2022,"New York Jets",7,10,0.412,296,316,-20,NA,17,5409,1074,5,23,9,294,357,627,3723,15,14,5.6,191,405,1686,13,4.2,79,91,866,24,29.9,11.9,-47.59,"AFC","East","No","No",7.46767609540002,-0.467676095400018
2022,"Cincinnati Bengals",12,4,0.75,418,322,96,NA,16,5768,1053,5.5,18,6,357,418,610,4240,35,12,6.5,221,399,1528,14,3.8,96,81,623,40,41.5,9.7,147.62,"AFC","North","Yes","No",10.7320270543697,1.26797294563031
2022,"Baltimore Ravens",10,7,0.588,350,315,35,NA,17,5760,1052,5.5,21,8,337,300,488,3040,19,13,5.8,149,526,2720,14,5.2,167,82,678,21,38.9,11.7,48.17,"AFC","North","Yes","No",9.01357096223862,0.986429037761383
2022,"Pittsburgh Steelers",9,8,0.529,308,346,-38,NA,17,5484,1109,4.9,19,5,345,364,571,3411,12,14,5.6,189,500,2073,16,4.1,129,94,711,27,35,9.6,42.17,"AFC","North","No","No",6.97608412863233,2.02391587136767
2022,"Cleveland Browns",7,10,0.412,361,381,-20,NA,17,5934,1116,5.3,21,9,350,335,540,3444,19,12,5.9,182,532,2490,19,4.7,142,102,865,26,34.6,11.2,58.03,"AFC","North","No","No",7.49908278229137,-0.499082782291373
2022,"Jacksonville Jaguars",9,8,0.529,404,350,54,NA,17,6075,1072,5.7,22,13,352,394,596,3959,25,9,6.3,208,448,2116,16,4.7,114,90,674,30,39.2,12.2,103.21,"AFC","South","Yes","No",9.56468558038196,-0.564685580381964
2022,"Tennessee Titans",7,10,0.412,298,359,-61,NA,17,5045,992,5.1,23,12,277,285,456,2914,16,11,5.8,153,487,2131,16,4.4,104,111,956,20,27.9,10.5,-27.22,"AFC","South","Yes","No",6.33569828287153,0.664301717128473
2022,"Indianapolis Colts",4,12,0.265,289,427,-138,NA,17,5298,1103,4.8,34,14,310,398,604,3432,17,20,5.2,193,439,1866,8,4.3,91,89,794,26,29.2,16.9,-110.46,"AFC","South","No","No",4.20362524386617,-0.203625243866166
2022,"Houston Texans",3,13,0.206,289,420,-131,NA,17,4820,1015,4.7,28,9,277,352,579,3344,20,19,5.4,159,398,1476,7,3.7,90,88,644,28,28.8,13.6,-120.59,"AFC","South","No","No",4.39705473666802,-1.39705473666802
2022,"Kansas City Chiefs",14,3,0.824,496,369,127,NA,17,7032,1094,6.4,23,11,408,435,651,5062,41,12,7.5,272,417,1970,18,4.7,105,87,838,31,46.4,10.1,281,"AFC","West","Yes","No",11.6263314039047,2.37366859609533
2022,"Los Angeles Chargers",10,7,0.588,391,384,7,NA,17,6108,1154,5.3,19,9,352,485,711,4584,26,10,6.1,232,404,1524,15,3.8,93,81,635,27,38.1,9.5,75.75,"AFC","West","Yes","No",8.25966336276267,1.74033663723733
2022,"Las Vegas Raiders",6,11,0.353,395,418,-23,NA,17,5993,1049,5.7,21,4,343,359,586,3934,28,17,6.3,193,428,2059,12,4.8,122,113,932,28,42.4,12.2,74.09,"AFC","West","No","No",7.43261254137661,-1.43261254137661
2022,"Denver Broncos",5,12,0.294,287,359,-72,NA,17,5527,1078,5.1,24,9,300,345,571,3592,18,15,5.7,166,444,1935,11,4.4,105,113,970,29,28.6,10.6,-41.62,"AFC","West","No","No",6.02642267354414,-1.02642267354414
2022,"Philadelphia Eagles",14,3,0.824,477,344,133,NA,17,6614,1124,5.9,19,10,385,350,536,4105,25,9,7.1,195,544,2509,32,4.6,161,90,682,29,42.5,10.2,226.96,"NFC","East","Yes","No",11.7829476958523,2.21705230414769
2022,"Dallas Cowboys",12,5,0.706,467,342,125,NA,17,6034,1114,5.4,23,5,347,355,556,3736,28,18,6.4,194,531,2298,24,4.3,129,104,842,24,41.5,10.8,112.34,"NFC","East","Yes","No",11.5570536203812,0.442946379618812
2022,"New York Giants",9,7,0.559,365,371,-6,NA,17,5676,1089,5.2,16,10,352,346,520,3157,17,6,5.5,170,520,2519,21,4.8,150,106,827,32,37.3,7.3,78.05,"NFC","East","Yes","No",7.8878744870884,1.1121255129116
2022,"Washington Commanders",8,8,0.5,321,343,-22,NA,17,5615,1140,4.9,23,7,339,344,554,3472,24,16,5.8,184,538,2143,9,4,124,92,805,31,29.4,11.7,-24.27,"NFC","East","Yes","No",7.42449002098628,0.575509979013725
2022,"Minnesota Vikings",13,4,0.765,424,427,-3,NA,17,6145,1123,5.5,23,8,382,448,672,4484,30,15,6.2,244,404,1661,18,4.1,93,88,684,45,36,11.7,89.64,"NFC","North","Yes","No",7.99928044924772,5.00071955075228
2022,"Detroit Lions",9,8,0.529,453,427,26,NA,17,6460,1092,5.9,15,8,376,383,588,4281,29,7,7,228,480,2179,23,4.5,114,90,773,34,43.2,8,162.04,"NFC","North","No","No",8.81464341929264,0.185356580707358
2022,"Green Bay Packers",8,9,0.471,370,371,-1,NA,17,5745,1051,5.5,22,10,334,364,563,3632,27,12,6.1,186,456,2113,12,4.6,116,89,747,32,36.2,11.3,68.9,"NFC","North","No","No",8.02845430950993,-0.0284543095099341
2022,"Chicago Bears",3,14,0.176,326,463,-137,NA,17,5233,993,5.3,25,10,278,223,377,2219,19,15,5.1,109,558,3014,18,5.4,148,80,754,21,34.3,12.7,-7.14,"NFC","North","No","No",4.2491356810903,-1.2491356810903
2022,"Tampa Bay Buccaneers",8,9,0.471,313,358,-45,NA,17,5894,1159,5.1,22,12,346,499,751,4586,26,10,5.9,240,386,1308,5,3.4,79,99,793,27,32,10.3,1.03,"NFC","South","Yes","No",6.78507053482212,1.21492946517788
2022,"Carolina Panthers",7,10,0.412,347,374,-27,NA,17,5206,976,5.3,21,8,281,267,457,2996,16,13,6.1,138,483,2210,16,4.6,119,104,862,24,35.3,9.6,-5.06,"NFC","South","No","No",7.29888877231292,-0.298888772312919
2022,"New Orleans Saints",7,10,0.412,330,345,-15,NA,17,5674,1015,5.6,25,11,305,338,512,3692,24,14,6.7,181,465,1982,12,4.3,103,99,841,21,31.7,12.9,17.3,"NFC","South","No","No",7.62226813197308,-0.622268131973085
2022,"Atlanta Falcons",7,10,0.412,365,386,-21,NA,17,5417,1011,5.4,21,12,330,257,415,2699,17,9,6,148,559,2718,17,4.9,152,68,594,30,39.5,11.4,73.69,"NFC","South","No","No",7.47338271679871,-0.473382716798708
2022,"San Francisco 49ers",13,4,0.765,450,277,173,NA,17,6216,1047,5.9,17,8,347,338,512,3856,30,9,7.1,188,504,2360,20,4.7,132,94,730,27,41.4,9.1,161.29,"NFC","West","Yes","No",12.8752132287366,0.124786771263395
2022,"Seattle Seahawks",9,8,0.529,407,401,6,NA,17,5976,1044,5.7,23,11,346,399,573,3934,30,12,6.4,206,425,2042,12,4.8,106,106,854,34,40.6,11.2,63.6,"NFC","West","Yes","No",8.23976145484994,0.760238545150056
2022,"Los Angeles Rams",5,12,0.294,307,384,-77,NA,17,4769,1001,4.8,23,8,293,347,531,3108,16,15,5.3,181,411,1661,15,4,89,76,655,23,33.5,13.1,-7.51,"NFC","West","No","Yes",5.89792234608081,-0.897922346080814
2022,"Arizona Cardinals",4,13,0.235,340,449,-109,NA,17,5499,1144,4.8,25,8,326,433,664,3626,17,17,5.1,189,434,1873,15,4.3,115,118,916,22,32.1,12.8,-36.27,"NFC","West","No","No",5.02961816947432,-1.02961816947432
2023,"Buffalo Bills",11,6,0.647,451,311,140,8.2,17,6366,1115,5.7,28,10,381,385,579,4154,29,18,6.9,199,512,2212,22,4.3,158,106,883,24,41.4,14.9,183.02,"AFC","East","Yes","No",11.9638145138976,-0.963814513897622
2023,"Miami Dolphins",11,6,0.647,496,391,105,6.2,17,6822,1053,6.5,25,10,360,393,566,4514,30,15,7.6,223,456,2308,27,5.1,113,97,767,24,43.5,13.4,128.9,"AFC","East","Yes","No",11.0184101408131,-0.0184101408131294
2023,"New York Jets",7,10,0.412,268,355,-87,-5.1,17,4566,1053,4.3,33,18,260,356,601,2919,11,15,4.4,156,388,1647,7,4.2,77,124,945,27,26,13.9,-199.77,"AFC","East","No","No",5.60275048708621,1.39724951291379
2023,"New England Patriots",4,13,0.235,236,366,-130,-7.6,17,4696,1020,4.6,29,8,261,351,557,3069,16,21,5.1,153,415,1627,9,3.9,93,89,676,15,20.2,14.3,-157.57,"AFC","East","No","No",4.39907899204259,-0.399078992042591
2023,"Baltimore Ravens",13,4,0.765,483,280,203,11.9,17,6296,1076,5.9,19,12,360,328,494,3635,27,7,6.8,180,541,2661,26,4.9,145,102,955,35,43.1,9.6,130.64,"AFC","North","Yes","No",13.7201417026608,-0.720141702660827
2023,"Cleveland Browns",11,6,0.647,396,362,34,2,17,5710,1187,4.8,37,14,325,355,624,3693,24,23,5.5,173,518,2017,15,3.9,121,115,897,31,32.9,16.2,-110.55,"AFC","North","No","No",9.00816444827575,1.99183555172425
2023,"Pittsburgh Steelers",10,7,0.588,304,324,-20,-1.2,17,5173,1029,5,16,7,287,323,506,3163,13,9,5.8,153,487,2010,16,4.1,115,86,753,19,29.9,7.7,-16.68,"AFC","North","No","No",7.47154153378665,2.52845846621335
2023,"Cincinnati Bengals",9,8,0.529,366,384,-18,-1.1,17,5422,1048,5.2,16,2,329,420,615,3895,27,14,5.9,208,383,1527,12,4,90,76,614,31,34.6,8.5,41.53,"AFC","North","Yes","No",7.55676425065497,1.44323574934503
2023,"Houston Texans",10,7,0.588,377,353,24,1.4,17,5820,1083,5.4,14,6,329,372,592,4173,27,8,6.5,215,444,1647,10,3.7,84,114,937,30,37.2,7.3,54.44,"AFC","South","No","No",8.72265618524772,1.27734381475228
2023,"Jacksonville Jaguars",9,8,0.529,377,371,6,0.4,17,5772,1114,5.2,30,16,336,412,620,4126,22,14,6.2,199,453,1646,17,3.6,98,83,644,39,35.4,14.9,13.64,"AFC","South","Yes","No",8.22526606090009,0.774733939099908
2023,"Indianapolis Colts",9,8,0.529,396,415,-19,-1.1,17,5725,1094,5.2,22,12,324,355,574,3666,18,10,6,178,479,2059,19,4.3,113,95,685,33,35.7,9.2,30.12,"AFC","South","No","No",7.54362685991885,1.45637314008115
2023,"Tennessee Titans",6,11,0.353,305,367,-62,-3.6,17,4913,1002,4.9,20,9,298,304,494,3067,14,11,5.5,158,444,1846,16,4.2,103,110,882,37,32.6,9.4,3.82,"AFC","South","No","No",6.31144775677385,-0.311447756773847
2023,"Kansas City Chiefs",11,6,0.647,371,294,77,4.5,17,5972,1080,5.5,28,11,350,421,635,4188,28,17,6.3,216,417,1784,9,4.3,107,96,845,27,39.3,14.6,68.59,"AFC","West","Yes","Yes",10.1842946948146,0.815705305185352
2023,"Las Vegas Raiders",8,9,0.471,332,331,1,0.1,17,4922,1010,4.9,24,6,292,348,557,3380,20,18,5.7,182,413,1542,11,3.7,83,75,629,27,31.8,13.4,-27.95,"AFC","West","No","No",8.06535904654541,-0.0653590465454084
2023,"Denver Broncos",8,9,0.471,357,413,-56,-3.3,17,5072,1016,5,22,13,301,337,513,3262,28,9,5.8,154,451,1810,8,4,116,99,749,31,34.9,10.6,7.68,"AFC","West","Yes","No",6.5023698144028,1.4976301855972
2023,"Los Angeles Chargers",5,12,0.294,346,398,-52,-3.1,17,5599,1106,5.1,21,13,319,409,632,3957,24,8,5.9,204,431,1642,11,3.8,89,79,725,26,34.7,10.5,-5.38,"AFC","West","Yes","No",6.60758597536511,-1.60758597536511
2023,"Dallas Cowboys",12,5,0.706,509,315,194,11.4,17,6317,1122,5.6,16,6,385,428,614,4397,36,10,6.7,229,468,1920,14,4.1,113,115,964,43,50.3,8.9,192.72,"NFC","East","Yes","No",13.4840093152436,-1.48400931524355
2023,"Philadelphia Eagles",11,6,0.647,433,428,5,0.3,17,6024,1112,5.4,28,12,377,369,563,3834,24,16,6.4,197,510,2190,22,4.3,149,95,785,31,42.9,15.3,100.97,"NFC","East","Yes","No",8.22469134492051,2.77530865507949
2023,"New York Giants",6,11,0.353,266,407,-141,-8.3,17,4760,1057,4.5,19,7,267,338,518,2886,15,12,4.8,141,454,1874,10,4.1,97,89,711,29,23.6,8.5,-130.06,"NFC","East","No","No",4.10961375444667,1.89038624555333
2023,"Washington Commanders",4,13,0.235,329,518,-189,-11.1,17,5317,1060,5,32,11,321,407,636,3725,24,21,5.3,190,359,1592,14,4.4,99,87,701,32,29.4,15.2,-29.99,"NFC","East","Yes","No",2.81368041681437,1.18631958318563
2023,"Detroit Lions",12,5,0.706,461,395,66,3.9,17,6712,1137,5.9,23,11,375,408,606,4401,30,12,6.9,228,500,2311,27,4.6,124,97,843,23,40.6,11.8,160.58,"NFC","North","Yes","No",9.92382024511844,2.07617975488156
2023,"Green Bay Packers",9,8,0.529,383,350,33,1.9,17,5873,1052,5.6,18,7,338,374,581,3968,32,11,6.5,211,441,1905,10,4.3,101,105,856,26,39.7,9.2,151.14,"NFC","North","Yes","No",8.9742503262115,0.0257496737884981
2023,"Minnesota Vikings",7,10,0.412,344,362,-18,-1.1,17,5912,1071,5.5,34,15,340,424,631,4359,30,19,6.4,220,393,1553,7,4,79,89,670,41,34.1,18.4,42.62,"NFC","North","Yes","No",7.54613429509175,-0.546134295091745
2023,"Chicago Bears",7,10,0.412,360,379,-19,-1.1,17,5495,1097,5,25,10,322,321,513,3096,19,15,5.5,169,534,2399,16,4.5,137,99,853,16,38,13,-10.73,"NFC","North","No","No",7.52623238717902,-0.526232387179024
2023,"Tampa Bay Buccaneers",9,8,0.529,348,325,23,1.4,17,5321,1047,5.1,18,8,300,364,568,3812,28,10,6.3,188,439,1509,8,3.4,79,100,751,33,35.5,9.8,49.53,"NFC","South","Yes","No",8.68101118641021,0.31898881358979
2023,"New Orleans Saints",9,8,0.529,402,327,75,4.4,17,5732,1121,5.1,18,7,337,406,606,3990,28,11,6.2,199,480,1742,13,3.6,112,96,846,26,36.6,8.2,46.88,"NFC","South","No","No",10.1440076991909,-1.14400769919087
2023,"Atlanta Falcons",7,10,0.412,321,373,-52,-3.1,17,5683,1092,5.2,28,11,326,327,530,3524,17,17,6.2,181,522,2159,14,4.1,121,84,743,24,32.1,14.3,-32.52,"NFC","South","No","No",6.5955064804069,0.404493519593102
2023,"Carolina Panthers",2,15,0.118,236,416,-180,-10.6,17,4510,1096,4.1,20,10,297,350,586,2741,13,10,4.2,150,445,1769,7,4,111,103,845,36,25,11.1,-135.03,"NFC","South","No","No",3.01743975774363,-1.01743975774363
2023,"San Francisco 49ers",12,5,0.706,491,298,193,11.4,17,6773,1024,6.6,18,6,383,336,491,4384,33,12,8.4,207,499,2389,27,4.8,147,101,933,29,45.3,10.1,231.48,"NFC","West","Yes","No",13.4476792941877,-1.44767929418766
2023,"Los Angeles Rams",10,7,0.588,404,377,27,1.6,17,6108,1094,5.6,18,5,351,361,583,4063,26,13,6.6,206,477,2045,18,4.3,110,89,720,35,41.1,9.2,133.32,"NFC","West","No","No",8.81860039386052,1.18139960613948
2023,"Seattle Seahawks",9,8,0.529,364,402,-38,-2.2,17,5490,995,5.5,17,5,317,371,575,3910,23,12,6.4,189,382,1580,11,4.1,93,111,954,35,38.8,8.4,62.33,"NFC","West","No","No",7.00314219733873,1.99685780266127
2023,"Arizona Cardinals",4,13,0.235,330,455,-125,-7.4,17,5509,1068,5.2,18,6,330,355,555,3144,18,12,5.3,173,471,2365,17,5,127,101,859,30,35,9.4,-2.99,"NFC","West","No","No",4.58266181651537,-0.582661816515366
